name,atmosphere,color,composition,style,emotion,business
O1CN014c0tuV24Iav2Y9hZF_!!2201053477368-0-alimamazszw.jpg,简约商务,3,5,5,2,5
O1CN01WYwAId1LVjZmXNn7H_!!3969561305-0-alimamazszw.jpg,简约商务,3,5,5,2,5
O1CN01eFrMRs1KNexmwJRCz_!!717731152-0-alimamazszw.jpg,简约商务,3,5,4,3,5
O1CN01Z5Jhtv26ehGu5seL3_!!2200615957687-0-alimamazszw.jpg,高端轻奢,4,5,4,3,5
O1CN015Kn13727OUqiyc8ht_!!2208065117787-0-alimamazszw.jpg,简约商务,3,5,5,3,5
O1CN01SNXfA91HcpEmS8knG_!!1813340779-0-alimamazszw.jpg,高端轻奢,2,5,5,2,5
O1CN01h8dAjm28x8RkP10wP_!!2702667998-0-alimamazszw.jpg,简约商务,3,5,5,3,5
O1CN01BCpbC51vntRsxcZdL_!!593666218-0-alimamazszw.jpg,喜庆感,3,5,3,2,4
O1CN01gAJZP51mmDQv6I2Wa_!!490534996-0-alimamazszw.jpg,简约商务,2,5,5,2,5
O1CN01st58Bt2HRpvP15yde_!!3599799148-0-alimamazszw.jpg,喜庆感,4,5,3,3,4
O1CN01hVDOPS2HWsEvJ2UZT_!!1659289159-0-alimamazszw.jpg,高端轻奢,2,5,5,2,5
O1CN01McTkmd1hbcCudz7ch_!!1734094296-0-alimamazszw.jpg,简约商务,3,5,5,3,5
O1CN01iIvA2m2Eomuu8oK2h_!!631058792-0-alimamazszw.jpg,科技感,4,5,3,3,5
O1CN01m2o0j828b9R0AShOu_!!2225227950-0-alimamazszw.jpg,高端轻奢,4,5,4,3,5
O1CN01MUiSb32Ae189qenDr_!!3445428227-0-alimamazszw.jpg,简约商务,4,5,5,4,5
O1CN01o9eNLW1gxlkDbIcpO_!!1924354209-0-alimamazszw.jpg,简约商务,3,5,5,2,5
O1CN011kUYWD1zC7EiCZbBn_!!3228526677-0-alimamazszw.jpg,简约商务,3,5,5,2,5
O1CN01FZKRMp2HE62Xz12gC_!!2209076369118-0-alimamazszw.jpg,喜庆感,3,5,3,2,4
O1CN01RzYhYh23opAedC41t_!!883737303-0-alimamazszw.jpg,高端轻奢,3,5,4,2,5
O1CN01v3NLEB20GWexoCe2B_!!2207917066822-0-alimamazszw.jpg,高端轻奢,3,5,5,3,5
O1CN01eOkcpv1MeiyDW2gQA_!!2206626571460-0-alimamazszw.jpg,简约商务,2,5,5,2,5
O1CN01HwOvyL25GaoL2UCh5_!!2209180807499-0-alimamazszw.jpg,科技感,3,5,3,3,5
O1CN01Qgi0EN1rlp9knXB5h_!!3838155672-0-alimamazszw.jpg,简约商务,4,5,4,3,5
O1CN01Wjkp9l1XqaykrYnBy_!!3091032975-0-alimamazszw.jpg,高端轻奢,3,5,5,3,5
O1CN01SvuFdr1U7lNodCVT8_!!2212386762471-0-alimamazszw.jpg,简约商务,3,5,2,2,5
O1CN01zjrjrd1sVAMoFNcdX_!!133035771-0-alimamazszw.jpg,简约商务,2,5,5,2,5
O1CN01oC2efW1lP1mX8ubCH_!!3363694810-0-alimamazszw.jpg,喜庆感,4,5,3,3,4
O1CN01e2cEyQ1l3V9wYILjd_!!196024763-0-alimamazszw.jpg,简约商务,4,5,5,3,5
O1CN01dZOj8E1vQXFDXW4Qo_!!2613416167-0-alimamazszw.jpg,时尚感,3,5,2,3,4
O1CN01vOewef1WCv4kHIH7Q_!!2206747412753-0-alimamazszw.jpg,时尚感,4,5,2,3,4
O1CN01ha0BWf1PrxDpR3FDw_!!2095691895-0-alimamazszw.jpg,简约商务,3,5,5,3,5
O1CN01yXuOSG1DfnLn4ZAVZ_!!3217310244-0-alimamazszw.jpg,简约商务,4,5,4,3,5
O1CN01ZOKRTU1b3MtOItspj_!!605623409-0-alimamazszw.jpg,简约商务,4,5,5,3,5
O1CN01ZkKWgu1QWiVK3MOUp_!!4072071984-0-alimamazszw.jpg,高端轻奢,3,5,4,2,5
O1CN01AylRAM1zvupyjMewQ_!!2204114306777-0-alimamazszw.jpg,简约商务,2,5,5,2,5
O1CN014sOMVk1rmjwwkklUH_!!394835674-0-alimamazszw.jpg,简约商务,3,5,5,2,5
O1CN01ckeCGj2BF7DKdlizH_!!365378308-0-alimamazszw.jpg,科技感,3,5,3,3,5
O1CN01eACdxx1mZOMQdJGiV_!!2938454968-0-alimamazszw.jpg,科技感,3,5,2,3,5
O1CN01Y0hZvK1JSrrqQ1NSY_!!3520051028-0-alimamazszw.jpg,简约商务,3,5,5,3,5
O1CN01mBz7l523c05XIlGBQ_!!2128867275-0-alimamazszw.jpg,高端轻奢,3,5,5,2,5
O1CN01gjFqF81h4dgmSiYJ6_!!2208603694224-0-alimamazszw.jpg,简约商务,3,5,5,3,5
O1CN01SqLWsK1cc0TGUezct_!!2089933620-0-alimamazszw.jpg,简约商务,3,5,4,2,5
O1CN015vviLU1F4MCYtEEdA_!!1968430433-0-alimamazszw.jpg,高端轻奢,3,5,4,2,5
pexels-photo-10244887.jpeg,时尚感,3,5,3,3,4
O1CN010nZaZ426nOmxuirH1_!!2212139717706-0-alimamazszw.jpg,简约商务,4,5,4,3,5
O1CN01xZQZcP1L2scclP5Rz_!!2486161242-0-alimamazszw.jpg,喜庆感,3,5,4,2,4
O1CN01kLJ7nq1y1IFU5dpNl_!!2655026518-0-alimamazszw.jpg,科技感,3,5,2,3,5
O1CN0120RX4J1zFK0s9oxmg_!!2830036684-0-alimamazszw.jpg,简约商务,3,5,5,2,5
O1CN013i9fk11vulO2AZO2B_!!2206847726233-0-alimamazszw.jpg,简约商务,3,5,5,3,5
O1CN01AQgAdb1aD9i8s0ZHy_!!2107773295-0-alimamazszw.jpg,科技感,4,5,3,3,5
O1CN018WrfiX2KyIoGH7a0b_!!654519625-0-alimamazszw.jpg,科技感,3,5,4,2,5
O1CN01hbmmCt2CP1OVH9ea0_!!2206720218465-0-alimamazszw.jpg,简约商务,2,5,5,1,5
O1CN01V46iOe1Ew72RBqiqw_!!2201410300415-0-alimamazszw.jpg,科技感,4,5,3,3,5
O1CN01HVx8q61zS96IULJF4_!!3230476712-0-alimamazszw.jpg,喜庆感,4,5,2,3,4
O1CN01Dl4OSq1x57vlqcMrZ_!!2848066391-0-alimamazszw.jpg,时尚感,3,5,2,2,4
O1CN018v9lVy25NSkd3Shup_!!656887514-0-alimamazszw.jpg,简约商务,2,5,5,2,5
O1CN010oKcBy1F5GxmaRlLB_!!2687850435-0-alimamazszw.jpg,高端轻奢,3,5,4,3,5
O1CN01DIS0yA2HcMzsQnFjO_!!2973329171-0-alimamazszw.jpg,喜庆感,3,5,4,3,4
O1CN01eAcMwQ1lkYOgONqoV_!!1796224857-0-alimamazszw.jpg,简约商务,4,5,4,3,5
O1CN01RgBrU41tijiihlZeO_!!3680695936-0-alimamazszw.jpg,高端轻奢,2,5,5,2,5
O1CN01Ik9Zlz1fHLSDXgNaF_!!3037963981-0-alimamazszw.jpg,喜庆感,4,5,4,3,4
pexels-photo-3662805.jpeg,卡通童趣,3,5,1,3,3
O1CN01Z6Okh21pJJHO1BU0B_!!52385339-0-alimamazszw.jpg,高端轻奢,3,5,4,3,5
O1CN01pQgRra2IjzEbonhsf_!!1585809323-0-alimamazszw.jpg,高端轻奢,4,5,4,4,5
O1CN01ZGEOOO1bvrzvS102e_!!144003528-0-alimamazszw.jpg,喜庆感,4,5,3,3,4
O1CN01sdQJ9k26dK5126d76_!!2211329267684-0-alimamazszw.jpg,简约商务,3,5,5,2,5
O1CN01K7FhT128G5D5NKfSC_!!2352297904-0-alimamazszw.jpg,高端轻奢,3,5,4,3,5
O1CN01cvqlm320B1utgSKa8_!!2201999526810-0-alimamazszw.jpg,简约商务,4,5,2,3,5
O1CN019qBg4B1HFT1o2UICk_!!2893100728-0-alimamazszw.jpg,高端轻奢,2,5,5,2,5
O1CN01xPxou91lqxwucrgIQ_!!885684871-0-alimamazszw.jpg,高端轻奢,3,5,5,2,5
O1CN01e317Hv1jZtwYMX3SS_!!2090054563-0-alimamazszw.jpg,简约商务,3,5,4,3,5
O1CN01wV2hUg1tzgO4ijFqF_!!1613055973-0-alimamazszw.jpg,简约商务,3,5,5,2,5
O1CN01nbGVIF1HWs5nNc5RF_!!2868450766-0-alimamazszw.jpg,高端轻奢,3,5,4,3,5
O1CN01MNl1bI1XdluehBUn9_!!2208750662947-0-alimamazszw.jpg,简约商务,3,5,5,2,5
O1CN01lXSVkZ1hqjGqxyoT1_!!1809164329-0-alimamazszw.jpg,高端轻奢,2,5,5,2,5
pexels-photo-12913150.jpeg,科技感,2,5,4,2,5
O1CN01t04IKX2I2vzOwvkTp_!!919309229-0-alimamazszw.jpg,高端轻奢,2,5,5,2,5
O1CN01YvemOC21qXQ8S2ZMC_!!386487036-0-alimamazszw.jpg,喜庆感,3,5,4,2,4
O1CN01tyQaGL1hre3D8aen6_!!2022924331-0-alimamazszw.jpg,简约商务,3,5,5,2,5
O1CN01Gvkzg11iJaCkpeMm1_!!440884392-0-alimamazszw.jpg,喜庆感,4,5,2,4,4
O1CN01SY6BdM1zTWGbCi9n1_!!2215956715-0-alimamazszw.jpg,高端轻奢,3,5,4,3,5
O1CN01Z8vJK41aD9i1MxvOb_!!2107773295-0-alimamazszw.jpg,喜庆感,4,5,4,3,4
O1CN01RE6wJQ1w30WEHA9Ec_!!2224996251-0-alimamazszw.jpg,喜庆感,3,5,2,3,4
O1CN017OlymL1XhR5JMzAVb_!!387542955-0-alimamazszw.jpg,喜庆感,3,5,3,3,4
O1CN01yTfOGH25s9FYHgolr_!!3964037581-0-alimamazszw.jpg,简约商务,4,5,5,3,5
O1CN0161wVLs1qnMuWnSVKx_!!1761495540-0-alimamazszw.jpg,简约商务,3,5,5,2,5
O1CN019dsXFt1ZWYuNf76C2_!!2208681383202-0-alimamazszw.jpg,简约商务,3,5,5,3,5
O1CN01KGTZGE1afYHb1bvQw_!!828813357-0-alimamazszw.jpg,简约商务,4,5,5,4,5
O1CN01VwZwzU1flZZ3eHEBm_!!1653734047-0-alimamazszw.jpg,简约商务,3,5,5,3,5
O1CN015jyene25GanQa57CX_!!533497499-0-alimamazszw.jpg,高端轻奢,2,5,4,2,5
O1CN01r4oGMC1ZMwbGQXiHK_!!3217473181-0-alimamazszw.jpg,简约商务,3,5,5,3,5
pexels-photo-27277185.jpeg,科技感,3,5,4,3,5
O1CN01Vxtf5v1GQAg99b9x0_!!2218620616-0-alimamazszw.jpg,喜庆感,3,5,2,3,4
O1CN01vLZZ6c1YfQxkcnniQ_!!828233086-0-alimamazszw.jpg,简约商务,3,5,5,2,5
pexels-photo-14650661.jpeg,简约商务,2,5,4,1,5
pexels-photo-17487347.jpeg,科技感,2,5,3,2,5
O1CN01MEIt5P1sOISZ9QB4r_!!3397585756-0-alimamazszw.jpg,科技感,3,5,3,3,5
O1CN01cbUWjm1YsG3apqvMm_!!2989413114-0-alimamazszw.jpg,简约商务,2,5,5,2,5
O1CN01EXvZ1y22z4QeC6SXt_!!818427190-0-alimamazszw.jpg,简约商务,3,5,5,2,5
O1CN01kUcPCL1uwlTOCbS1e_!!350306102-0-alimamazszw.jpg,科技感,4,5,3,3,5
O1CN01FqlkfD1UKaTJqDvMq_!!4099872499-0-alimamazszw.jpg,简约商务,3,5,4,3,5
O1CN01udV7r52DCUApMaLbV_!!3896328573-0-alimamazszw.jpg,简约商务,3,5,4,3,5
O1CN01GCdgFe2B5xIK7JCDq_!!2210993668288-0-alimamazszw.jpg,简约商务,3,5,3,2,5
pexels-photo-18287623.jpeg,喜庆感,3,5,1,3,4
O1CN01G7so931zvSQ2gz8lf_!!95246776-0-alimamacc.jpg,高端轻奢,3,5,4,3,5
O1CN01wtfKZZ23s1vArVvxg_!!2200625627310-0-alimamazszw.jpg,高端轻奢,2,5,4,2,5
O1CN01JeOS6b1vQXEQC0FtF_!!2613416167-0-alimamazszw.jpg,简约商务,2,5,5,2,5
O1CN01pc9fRg1mOOpKeQWjh_!!2211370084944-0-alimamazszw.jpg,高端轻奢,3,5,4,2,5
O1CN01X2VFpI1d9RO0x5DTg_!!3835193693-0-alimamazszw.jpg,简约商务,3,5,4,3,5
O1CN01Wa3vf41YmlHXub3X4_!!1898373102-0-alimamazszw.jpg,高端轻奢,4,5,4,3,5
O1CN01vahi6x2CLodGDXKI3_!!2200766088458-0-alimamazszw.jpg,科技感,2,5,2,2,5
O1CN019j6Txn26jHDhMSuzb_!!2206498437697-0-alimamazszw.jpg,高端轻奢,3,5,4,3,5
O1CN01SRsAlT2CLocnFnXkr_!!2200766088458-0-alimamazszw.jpg,科技感,2,5,4,2,5
O1CN01swOfv12It98Du3JdY_!!2456679343-0-alimamazszw.jpg,高端轻奢,4,5,4,3,5
O1CN01qWwsw41qXL26aXNke_!!2658695505-0-alimamazszw.jpg,高端轻奢,3,5,4,3,5
O1CN01QTWbgd1fa7fmuBhOB_!!667074022-0-alimamazszw.jpg,简约商务,3,5,5,2,5
O1CN011C8Abp1DH3vf7qccY_!!401460190-0-alimamazszw.jpg,简约商务,3,5,5,2,5
O1CN011eIwfn2GEixY4bEdt_!!2200593158984-0-alimamazszw.jpg,科技感,3,5,3,3,5
O1CN012Odxm51jVmO7NinKl_!!1763644554-0-alimamazszw.jpg,高端轻奢,3,5,5,3,5
O1CN01Gkg6Dc1RszMXlJfK5_!!2208027572168-0-alimamazszw.jpg,高端轻奢,3,5,4,2,5
O1CN01BJIYBd20B1uvpQAiH_!!2201999526810-0-alimamazszw.jpg,科技感,3,5,3,3,5
pexels-photo-5767225.jpeg,喜庆感,2,5,5,1,4
O1CN01xd8o4M2AXbbOdOpqW_!!2207422988213-0-alimamazszw.jpg,高端轻奢,3,5,5,2,5
O1CN01T0wYRp1k8i3ttD7s1_!!3170524639-0-alimamazszw.jpg,科技感,2,5,3,2,5
O1CN01tFQ5Qa1uPmxyZdw9l_!!91106030-0-alimamazszw.jpg,科技感,3,5,3,3,5
O1CN01eojZFA1j2T2sM7L3z_!!1914914490-0-alimamazszw.jpg,高端轻奢,3,5,5,3,5
O1CN01zpsMgy1X4xn4CoLQF_!!1709152871-0-alimamazszw.jpg,科技感,4,5,2,3,5
O1CN01BuQpRI2191md0d8VG_!!2207313096941-0-alimamazszw.jpg,时尚感,2,5,2,2,4
O1CN01EhJAiN1n7k46IDfUi_!!2920895043-0-alimamazszw.jpg,高端轻奢,3,5,5,2,5
O1CN01I2r3v01FtCAZyBhEZ_!!2168460544-0-alimamazszw.jpg,喜庆感,4,5,3,3,4
O1CN01bU3v6N1rvRV6WcEWg_!!2209575335693-0-alimamazszw.jpg,高端轻奢,4,5,4,3,5
O1CN01l4w3iD1flZaTrS8aw_!!1653734047-0-alimamazszw.jpg,简约商务,3,5,5,2,5
O1CN012v233g1rUsWBxSgSo_!!3920285635-0-alimamazszw.jpg,喜庆感,3,5,2,3,4
O1CN01q3fMpB2ANWrhmvhiP_!!802948191-0-alimamazszw.jpg,简约商务,3,5,4,2,5
O1CN01AR1ZdU1lEx3RjulfO_!!651684788-0-alimamazszw.jpg,喜庆感,3,5,3,3,4
O1CN01CQ5nEO1flZa6HAoO6_!!1653734047-0-alimamazszw.jpg,简约商务,3,5,5,3,5
O1CN01dnL9MF1uoymCnYK3q_!!2206565946085-0-alimamazszw.jpg,简约商务,2,5,5,2,5
O1CN01monRZn1N3ukAYqSAO_!!276811515-0-alimamazszw.jpg,高端轻奢,3,5,5,3,5
O1CN0194Rw9B283G7Nw6oO5_!!2207941087876-0-alimamazszw.jpg,科技感,2,5,3,2,5
O1CN01Q9kLkJ1EbVEefQoy5_!!2211524850370-0-alimamazszw.jpg,高端轻奢,3,5,5,3,5
O1CN01FS4Lyc1f7j8NkXWtY_!!2207887893960-0-alimamazszw.jpg,高端轻奢,4,5,4,3,5
O1CN01Unpcxb1qXL2TCGT93_!!2658695505-0-alimamazszw.jpg,高端轻奢,3,5,4,3,5
O1CN01cD9qx81pt2C4XfxF0_!!2110885417-0-alimamazszw.jpg,高端轻奢,3,5,4,2,5
O1CN017eH0wV1xsaj68Gi2i_!!2999306499-0-alimamazszw.jpg,简约商务,3,5,4,2,5
O1CN01ftMScz1TcA3XCffxG_!!1062732402-0-alimamazszw.jpg,科技感,3,5,2,3,5
O1CN01xh5QtL1O4CbxCIjVy_!!2204172741651-0-alimamazszw.jpg,高端轻奢,3,5,4,2,5
O1CN01lLFqh022OQiWYoUXz_!!2207313747110-0-alimamazszw.jpg,高端轻奢,3,5,5,3,5
O1CN01EM7WZi1s53pnq1Lng_!!2208982465714-0-alimamazszw.jpg,高端轻奢,3,5,4,2,5
O1CN01YNvhwy1L4iD7sdSKr_!!3164711246-0-alimamazszw.jpg,科技感,2,5,3,2,5
O1CN014U9jyM1xGZsB2gewN_!!2076296416-0-alimamazszw.jpg,科技感,3,5,2,3,5
O1CN01NdNlQl1bYVp38Wmz7_!!2454263477-0-alimamazszw.jpg,科技感,3,5,2,3,5
O1CN015Asqmm1yCHmAfnxyf_!!2206853396542-0-alimamazszw.jpg,高端轻奢,3,5,4,3,5
O1CN018s9s4o1bC4QBs5EWl_!!2108263428-0-alimamazszw.jpg,科技感,3,5,2,2,5
O1CN01DmvEtz1U5TOziIm78_!!420722466-0-alimamazszw.jpg,简约商务,2,5,5,2,5
O1CN01uIMyZq1w2Y68QaWDb_!!407446250-0-alimamazszw.jpg,喜庆感,2,5,3,2,4
O1CN01IukIhW20ZIuf2rjLP_!!725786863-0-alimamazszw.jpg,简约商务,3,5,5,2,5
O1CN0174tLLv1Juo21nKKkX_!!2212349601089-0-alimamazszw.jpg,喜庆感,3,5,4,3,4
O1CN017qFFUR23CoJ7DnLbw_!!2843997220-0-alimamazszw.jpg,时尚感,3,5,2,3,4
O1CN01M8G0uY1k4aUStU6D3_!!1640724630-0-alimamacc.jpg,高端轻奢,3,5,5,3,5
O1CN01AiJFP61BySEnEuqKB_!!508370014-0-alimamazszw.jpg,简约商务,2,5,5,2,5
O1CN01lHWajP1ewHDtejpd2_!!2200635303935-0-alimamazszw.jpg,高端轻奢,2,5,5,2,5
O1CN01qv6cvt24Sfcly5xgA_!!2956157390-0-alimamazszw.jpg,喜庆感,3,5,3,3,4
O1CN01HssuHK1QTVi6B6tMx_!!1665051977-2-alimamazszw.png,科技感,2,5,4,2,5
O1CN01FLJdlQ1hpM5N5M8hl_!!2863054326-0-alimamazszw.jpg,科技感,3,5,4,2,5
O1CN01ajts402NQoi2kFkD7_!!2207942819958-0-alimamazszw.jpg,科技感,2,5,2,2,5
O1CN01CbOVhR1aEWw7nxYR7_!!2207511903298-0-alimamazszw.jpg,高端轻奢,3,5,5,3,5
O1CN01buCirt1JGV9njz6BP_!!2097451001-0-alimamazszw.jpg,科技感,3,5,3,3,5
O1CN01DtOCs41L08FcYZ6Uw_!!4245191236-0-alimamazszw.jpg,科技感,3,5,2,3,5
O1CN01DdqkcV1qTDTzyQXnE_!!1971815496-0-alimamazszw.jpg,高端轻奢,2,5,4,2,5
O1CN01vKvuS729nnzhZVfu3_!!154338113-0-alimamazszw.jpg,简约商务,5,5,5,4,5
O1CN01aZHnVD1L4iDES4a2R_!!3164711246-0-alimamazszw.jpg,高端轻奢,3,5,4,2,5
O1CN01BTLT8i1tijiadfwKo_!!3680695936-0-alimamazszw.jpg,简约商务,2,5,5,2,5
O1CN01CnLpMb1Qrmi6z6XJL_!!2548622030-0-alimamazszw.jpg,喜庆感,4,5,2,3,4
O1CN01u3QhZM2HU7rgLaxLH_!!2508809153-0-alimamazszw.jpg,简约商务,3,5,4,3,5
O1CN01YXczph1JyvZGl3lvH_!!2298471098-0-alimamazszw.jpg,高端轻奢,2,5,5,2,5
O1CN01uGmExN1ibReXJ9ssP_!!289204431-0-alimamazszw.jpg,时尚感,3,5,2,3,4
O1CN01GHkJPN1yNjfaQPEsB_!!3844706567-0-alimamazszw.jpg,喜庆感,3,5,4,3,4
O1CN010lscJt2AXbbXhXshD_!!1645598213-0-alimamazszw.jpg,简约商务,2,5,5,2,5
pexels-photo-9529407.jpeg,卡通童趣,3,5,1,3,3
O1CN01yMi0fz1xuQIDtTXM5_!!2102286503-0-alimamazszw.jpg,高端轻奢,3,5,4,3,5
O1CN017cdNek1XyNik3Vc5I_!!2200968962992-0-alimamazszw.jpg,简约商务,4,5,3,3,5
O1CN01NtzfmD1wWmEQddATZ_!!648476316-0-alimamazszw.jpg,简约商务,2,5,5,1,5
O1CN01IgfzMQ1EK6CvQQbtA_!!2207964310332-0-alimamazszw.jpg,喜庆感,2,5,4,2,4
O1CN01YHMYCB2MDFLvCUA6Z_!!886169793-0-alimamazszw.jpg,高端轻奢,3,5,4,2,5
O1CN011JeHCr1QY5fuVsVoz_!!2867731987-0-alimamazszw.jpg,简约商务,3,5,5,3,5
O1CN01730Wsc262gNRHHFn5_!!603917604-0-alimamazszw.jpg,喜庆感,3,5,2,3,4
O1CN016vNUgh1b3MtMk5qsf_!!605623409-0-alimamazszw.jpg,喜庆感,4,5,4,3,4
O1CN013HO5ob25yYoEWr6zF_!!746127595-0-alimamazszw.jpg,高端轻奢,3,5,5,3,5
O1CN01WlawLF1uEnTnPpoOG_!!3285736006-0-alimamazszw.jpg,高端轻奢,4,5,4,3,5
O1CN01wVVD571Ub4jrlvhe1_!!3920352535-0-alimamazszw.jpg,简约商务,3,5,5,3,5
O1CN01TFL1WU2GEixCrJbvO_!!470168984-0-alimamazszw.jpg,简约商务,3,5,5,2,5
O1CN01OP0vso1qJ8laVfyOE_!!2655095474-0-alimamazszw.jpg,简约商务,3,5,4,2,5
O1CN01igZiYU2DGbjii9spP_!!766258582-0-alimamazszw.jpg,简约商务,2,5,5,2,5
O1CN01ldSJ0J23s1vvKzNw3_!!2200625627310-0-alimamazszw.jpg,高端轻奢,2,5,4,2,5
O1CN01egBlTd1NbLdoCXyoj_!!2201255401588-0-alimamazszw.jpg,简约商务,3,5,4,3,5
O1CN01ikhdgp1ofSqlIqDkf_!!2678805252-0-alimamazszw.jpg,简约商务,2,5,5,2,5
O1CN01WT0nNr1GyymRaiNRW_!!1799180692-0-alimamazszw.jpg,简约商务,5,5,4,4,5
O1CN0186eRsg1cSqWbhQ8RP_!!73903600-0-alimamazszw.jpg,高端轻奢,3,5,4,2,5
O1CN01QYNT3P1j7xniQPSpr_!!2637584502-0-alimamazszw.jpg,高端轻奢,4,5,5,4,5
O1CN01HX1Bv11Y75G3ycEZU_!!2208138643011-0-alimamazszw.jpg,科技感,3,5,3,3,5
O1CN01447sWy2E4zJ1YgpM0_!!1676208692-0-alimamazszw.jpg,高端轻奢,2,5,5,2,5
O1CN01spt7541Tdze1qJayB_!!2212356982406-0-alimamazszw.jpg,喜庆感,3,5,4,3,4
O1CN01ORDLqB2NZ3pPKV0WD_!!2201287239976-0-alimamazszw.jpg,高端轻奢,3,5,4,3,5
O1CN01GJ8BM01RPDcRISJ35_!!2210839072103-0-alimamazszw.jpg,时尚感,2,5,2,2,4
O1CN01AHslNK1F4MCAm8CSG_!!1968430433-0-alimamazszw.jpg,高端轻奢,3,5,4,3,5
O1CN01Nn86bM2FVNjRuQKyd_!!2207340518885-0-alimamazszw.jpg,高端轻奢,3,5,4,2,5
O1CN01RcExUX1Ck5RPMO5w8_!!2209270300118-0-alimamazszw.jpg,简约商务,3,5,4,3,5
O1CN013BeyCj1wkW86TaxYA_!!3434146346-0-alimamazszw.jpg,简约商务,3,5,5,2,5
O1CN01LRcNXK1y37qEu7Z61_!!2208415136522-0-alimamazszw.jpg,喜庆感,3,5,2,3,4
O1CN018tVlhu1N4pXlQMYxr_!!2073921517-0-alimamazszw.jpg,简约商务,3,5,5,2,5
O1CN01PG8LMX2KRmhStfu8O_!!3697249554-0-alimamazszw.jpg,简约商务,5,5,5,4,5
O1CN012hLvUQ2JwdlqtZQji_!!2200632089486-0-alimamazszw.jpg,高端轻奢,3,5,4,2,5
O1CN018Z8shP1rY5Huwp8SK_!!1938375642-0-alimamazszw.jpg,简约商务,3,5,5,3,5
O1CN01w6EM2I1KCfSXkhBIe_!!1014281128-0-alimamazszw.jpg,高端轻奢,3,5,4,3,5
O1CN01d47Gux1rJQcS10Oak_!!3829975610-0-alimamazszw.jpg,简约商务,3,5,5,2,5
O1CN012to7w81QN6AewVIPl_!!2201497581963-0-alimamazszw.jpg,科技感,3,5,2,2,5
O1CN01Q0F7dL1D64S1EI9kt_!!2206848130166-0-alimamazszw.jpg,高端轻奢,4,5,5,3,5
O1CN01gBkQoq1QTVirRtUDW_!!1665051977-0-alimamazszw.jpg,科技感,2,5,4,2,5
O1CN01emnzno1hre45vn9ji_!!4060534331-0-alimamazszw.jpg,简约商务,4,5,5,3,5
O1CN01Qj7KUC1XTEoEL0fuK_!!2206351702924-0-alimamazszw.jpg,喜庆感,3,5,3,2,4
O1CN01VZxSIG1KFsED4D8ZZ_!!2200725341135-0-alimamazszw.jpg,高端轻奢,3,5,4,2,5
O1CN01edzjkm1Q3rXXnd2Ne_!!2969151921-0-alimamazszw.jpg,科技感,4,5,3,3,5
O1CN01TS0K041Y22tIT57ej_!!3283643000-0-alimamazszw.jpg,高端轻奢,3,5,4,3,5
O1CN015TEi7H1j7xnrR7FiY_!!2637584502-0-alimamazszw.jpg,喜庆感,4,5,3,3,4
O1CN01cGTAqO25G8PJKvHaY_!!2210589967498-0-alimamacc.jpg,喜庆感,4,5,4,4,4
O1CN016XpnpM1QfsQEW9oVI_!!2206354262004-0-alimamazszw.jpg,简约商务,2,5,5,2,5
O1CN019dh71y1HWs5lrrbX9_!!2868450766-0-alimamazszw.jpg,高端轻奢,3,5,5,3,5
O1CN01zzwNdL2N3085bhct6_!!1992609906-0-alimamazszw.jpg,简约商务,4,5,5,3,5
O1CN014ByX3H2HqZIh9r5HP_!!2841149202-0-alimamazszw.jpg,高端轻奢,3,5,4,3,5
O1CN01RhI9ir2HiKAnqmvM1_!!89169184-0-alimamazszw.jpg,简约商务,4,5,5,3,5
O1CN01TECJ491LgGg8v0riD_!!2207822071328-0-alimamacc.jpg,高端轻奢,2,5,5,2,5
O1CN01jzvPVP28Ei1jSkfFh_!!2206948277901-0-alimamazszw.jpg,简约商务,2,5,5,2,5
O1CN01nDKY7B2Dal9o0pCgu_!!2059698626-0-alimamazszw.jpg,高端轻奢,2,5,4,2,5
O1CN014dyVvx2Bpkt70N6mn_!!2201294088388-0-alimamazszw.jpg,简约商务,3,5,3,3,5
O1CN01Tn2k911wwQR8au8d3_!!1908116372-0-alimamazszw.jpg,简约商务,2,5,4,2,5
O1CN01H9poqS28X1r6Vt64K_!!2209332687941-0-alimamazszw.jpg,高端轻奢,2,5,5,2,5
O1CN01aXMWb81CgsfY31f5N_!!2247680111-0-alimamazszw.jpg,喜庆感,3,5,2,3,4
O1CN018aZu2B1dGJK8GBhv7_!!2211475163708-0-alimamazszw.jpg,高端轻奢,3,5,5,3,5
O1CN01hQWjMk1z0fKv1dFGc_!!2200635616652-0-alimamazszw.jpg,科技感,3,5,2,3,5
O1CN01y1UMyV1IBAwVYx3Jw_!!916450854-0-alimamazszw.jpg,时尚感,3,5,2,2,4
O1CN01f2ASjw1iNFOp0RZka_!!2200676434400-0-alimamazszw.jpg,简约商务,4,5,5,3,5
O1CN01tTt9gN1W4fwq8vlQ0_!!1768562735-0-alimamazszw.jpg,喜庆感,3,5,3,3,4
O1CN01Wl8Ah31I0BRZKsBUq_!!1071280830-0-alimamazszw.jpg,喜庆感,4,5,4,3,4
O1CN01Xi2JHW1bcdNQykEXT_!!2208049203486-0-alimamazszw.jpg,科技感,4,5,2,3,5
O1CN01wve7Wg25GanmsveUt_!!533497499-0-alimamazszw.jpg,简约商务,2,5,5,2,5
cd3759fc-c399-4745-9476-c3ef8dbd4d1f.jpg,复古国风,3,5,3,2,3
O1CN013UjMR520qFXDcM1vi_!!2968256900-0-alimamazszw.jpg,喜庆感,4,5,2,3,4
O1CN01KItUbE2M97oMVmtP6_!!919129784-0-alimamazszw.jpg,喜庆感,4,5,2,3,4
O1CN01taqxFZ2AYykpJoeBR_!!268508216-0-alimamazszw.jpg,简约商务,3,5,5,3,5
O1CN01l20fXu27J07GQY272_!!1019407775-0-alimamazszw.jpg,高端轻奢,3,5,5,3,5
O1CN01BR8fgi2DalAE0Hlly_!!2059698626-0-alimamazszw.jpg,简约商务,3,5,4,3,5
O1CN01tfAkIP1uTuX60p0KC_!!2206385106039-0-alimamazszw.jpg,高端轻奢,2,5,4,2,5
O1CN018Q3VJn1olPz5MRtqP_!!2200727135265-0-alimamazszw.jpg,高端轻奢,3,5,5,3,5
O1CN01q1g26t1LEmva8D5iX_!!2206979611268-0-alimamazszw.jpg,简约商务,3,5,2,2,5
O1CN01GkZNLF1kCNCtPA966_!!2200735034647-0-alimamazszw.jpg,喜庆感,3,5,4,3,4
O1CN01dvFAYt2Li6QHpcfZB_!!2030289725-0-alimamazszw.jpg,高端轻奢,3,5,5,3,5
O1CN01tB5zSn1cF6f1qLH9V_!!2263633570-0-alimamazszw.jpg,喜庆感,3,5,2,3,4
O1CN01TDNSbX1WVhJPL533o_!!1757722794-0-alimamazszw.jpg,高端轻奢,3,5,4,3,5
O1CN01NZks2h1XolPm8jsPw_!!2208997502971-0-alimamazszw.jpg,简约商务,3,5,5,2,5
O1CN01D04EWN28t0qEzGXDB_!!468447989-0-alimamazszw.jpg,高端轻奢,3,5,5,3,5
O1CN0109TOPJ1mll3JhDRoC_!!2210385914995-0-alimamazszw.jpg,高端轻奢,3,5,4,3,5
O1CN01d84ovR24qwcJNgXTn_!!3081177443-0-alimamazszw.jpg,简约商务,3,5,4,3,5
O1CN01HQ1Xin1vyQYoEPDWF_!!2814126241-0-alimamazszw.jpg,高端轻奢,3,5,5,2,5
O1CN01unl5Uj1fgzcR2WwNQ_!!3434354037-0-alimamazszw.jpg,喜庆感,4,5,2,3,4
O1CN01Orle0Z22puUSM6T6I_!!1859057170-0-alimamazszw.jpg,高端轻奢,2,5,4,2,5
O1CN01VodPAf1TvOg2Jx5QW_!!2211983612444-0-alimamazszw.jpg,高端轻奢,2,5,4,2,5
O1CN01JKmCwF2CU3k9IWYoj_!!2207958178476-0-alimamazszw.jpg,高端轻奢,3,5,5,2,5
O1CN01BmaAup2BA4s9bOt8y_!!3838638297-0-alimamazszw.jpg,高端轻奢,3,5,2,3,5
O1CN015cCQqL1ztASlialXC_!!479966771-0-alimamazszw.jpg,高端轻奢,3,5,4,3,5
ba3dc3cd-eddf-4474-9f37-c47bc0ee8181.jpg,时尚感,2,5,3,2,4
O1CN01tozUk91P4URosMq6r_!!179181787-0-alimamazszw.jpg,简约商务,4,5,5,3,5
O1CN016lW4L02GS0RZPNH6b_!!2206664759013-0-alimamazszw.jpg,简约商务,3,5,5,3,5
O1CN016lDpji1cmzwKssC1W_!!2273223644-0-alimamazszw.jpg,高端轻奢,4,5,5,3,5
O1CN01c7lVQM1F76YJRHOOr_!!469870439-0-alimamazszw.jpg,简约商务,4,5,5,3,5
pexels-photo-7233373.jpeg,高端轻奢,2,5,5,2,5
O1CN01Q0NBLQ1q1HJccwSgI_!!4222265435-0-alimamazszw.jpg,卡通童趣,3,5,3,2,3
O1CN01hGN6Ux1EATqgT5gKH_!!2201196960311-0-alimamazszw.jpg,喜庆感,4,5,4,3,4
O1CN01W5O3hk1rDvsfSiuWe_!!2208091805598-0-alimamazszw.jpg,高端轻奢,3,5,4,3,5
pexels-photo-37060934.jpeg,高端轻奢,2,5,3,2,5
O1CN01aE0V4T1EdnCfNTF78_!!3285660375-0-alimamazszw.jpg,简约商务,3,5,5,2,5
O1CN01PcLoBR2KZZRRQUoiE_!!2210294719571-0-alimamazszw.jpg,科技感,4,5,2,3,5
O1CN01oqf6SK208jvjqqkyF_!!3918246805-0-alimamazszw.jpg,高端轻奢,3,5,5,3,5
O1CN01t1QwHY1TptvFMOtYv_!!2209700892432-0-alimamazszw.jpg,喜庆感,3,5,3,3,4
O1CN01mweJhR1yjigqsEf6u_!!2202813746615-0-alimamazszw.jpg,科技感,4,5,4,3,5
O1CN01uV53cg1NQM9heQ7NA_!!2206841221564-0-alimamazszw.jpg,高端轻奢,3,5,4,2,5
O1CN01UtnkN41LGcVXHDN02_!!764981272-0-alimamazszw.jpg,科技感,4,5,2,3,5
O1CN01wtr88e1w8VFumAsKd_!!925066263-0-alimamazszw.jpg,高端轻奢,2,5,4,2,5
O1CN01cjsQj026tLwh2ham3_!!3155407719-0-alimamazszw.jpg,喜庆感,3,5,5,3,4
O1CN01FdJwNS1Yk0ukVDiON_!!1737053096-0-alimamazszw.jpg,喜庆感,2,5,2,2,4
O1CN01h08JdT2BOjWPMY6BL_!!2209015738329-0-alimamazszw.jpg,简约商务,3,5,4,3,5
pexels-photo-36279913.jpeg,复古国风,2,5,2,2,3
O1CN01GavpUC2KQPXPgpZTZ_!!2215679551-0-alimamazszw.jpg,喜庆感,2,5,2,2,4
O1CN01xSiZm01t6GTot5oXf_!!2449215852-0-alimamazszw.jpg,简约商务,3,5,5,2,5
O1CN01SVdzZ61gRFdOgxYNS_!!18034138-0-alimamazszw.jpg,简约商务,3,5,5,3,5
O1CN01XOBJfj1iwyGoRLTsB_!!2113524478-0-alimamazszw.jpg,简约商务,2,5,5,2,5
O1CN01c5kpp02IGfqFp4UhT_!!3778989259-0-alimamazszw.jpg,简约商务,3,5,3,3,5
O1CN01Tp250Z1Zm8NJ5L4Ao_!!3038463236-0-alimamazszw.jpg,科技感,3,5,3,2,5
O1CN01PkvqBn27OUqsLKDMV_!!2208065117787-0-alimamazszw.jpg,科技感,3,5,3,3,5
O1CN01vqEFyg21l2dzOzMVL_!!2207608647024-0-alimamazszw.jpg,高端轻奢,3,5,4,3,5
O1CN017Ph2bv1MjIuPOT0qT_!!2206739041470-0-alimamazszw.jpg,高端轻奢,2,5,5,2,5
O1CN01dPXa7w2EMOMHaJEMc_!!2481618730-0-alimamazszw.jpg,高端轻奢,2,5,4,2,5
O1CN01pV8x1X1dav94VEkGh_!!3471283753-0-alimamazszw.jpg,简约商务,4,5,5,3,5
O1CN01FeqfZ11qARFQWceZT_!!2208657215455-0-alimamazszw.jpg,简约商务,3,5,5,2,5
O1CN01liyMkT1TDQejIlkPN_!!2183142348-0-alimamazszw.jpg,喜庆感,3,5,4,3,4
O1CN01im0wCq1Gc4xAL7h55_!!656920642-0-alimamazszw.jpg,高端轻奢,3,5,5,2,5
O1CN01o7tRH91p7rOeGnmIe_!!1669225314-0-alimamazszw.jpg,简约商务,3,5,5,3,5
O1CN012jJX391FfugFrxEzV_!!509500515-0-alimamazszw.jpg,喜庆感,3,5,3,3,4
O1CN01m9X2Nn1KNexhyOudx_!!717731152-0-alimamazszw.jpg,高端轻奢,3,5,5,2,5
O1CN01PPuVVt1FxJjeZPnVc_!!2212099450553-0-alimamazszw.jpg,喜庆感,3,5,4,3,4
O1CN01lv5w192NMEm73vvcp_!!2200631959948-0-alimamazszw.jpg,简约商务,3,5,5,2,5
O1CN01sVGmZW1D3mTUiKgVP_!!1706950161-0-alimamazszw.jpg,简约商务,3,5,5,3,5
O1CN01tJo2lv1EATtAGLCb3_!!2201196960311-0-alimamazszw.jpg,喜庆感,4,5,4,3,4
O1CN01Xp989E20DmHNKJBn3_!!2973966816-2-alimamazszw.png,简约商务,4,5,5,3,5
O1CN01SV4nRX1eaIDoZufKP_!!2207739673887-0-alimamazszw.jpg,简约商务,3,5,5,2,5
O1CN01WozoSe1aV1CFHo3yA_!!3918463334-0-alimamazszw.jpg,高端轻奢,3,5,5,2,5
O1CN01hTnw6W2483oJQNkgk_!!2452257345-0-alimamazszw.jpg,时尚感,4,5,2,3,4
O1CN01DSO6GT1Wt3WEfHIbz_!!2205003042845-0-alimamazszw.jpg,高端轻奢,2,5,5,2,5
O1CN013JJugo1nm2uArXILZ_!!1130915131-0-alimamazszw.jpg,科技感,3,5,4,3,5
O1CN01R8MTzr1Eujt0kKllf_!!2786940412-0-alimamazszw.jpg,简约商务,4,5,5,4,5
O1CN010f0Xz81D0ZhlRwtf7_!!897190154-0-alimamazszw.jpg,高端轻奢,3,5,5,2,5
O1CN013IEXQj1oDWfJjCZdz_!!4259955191-0-alimamazszw.jpg,高端轻奢,3,5,4,3,5
O1CN01aC6k5q27hH7AGG8wK_!!2176017828-0-alimamazszw.jpg,简约商务,3,5,5,2,5
O1CN01LUByE41GVD1RjMaJA_!!2201297390627-0-alimamazszw.jpg,科技感,3,5,3,3,5
O1CN01PM5AdQ1iPXMhAMKuj_!!2200797234405-0-alimamazszw.jpg,高端轻奢,2,5,4,2,5
O1CN01PiR0VB1HU7iHPCZll_!!3343410760-0-alimamazszw.jpg,科技感,3,5,3,3,5
O1CN01vGPmav1JzNyoaiIkl_!!3898061099-0-alimamazszw.jpg,简约商务,4,5,3,3,5
O1CN014vwtka1cG1RJBjinU_!!4256993572-0-alimamazszw.jpg,高端轻奢,3,5,5,3,5
O1CN01xm9BWL1NTYvuuNHv9_!!2210802811571-0-alimamazszw.jpg,简约商务,4,5,4,3,5
O1CN013zBltp1Od0hth1LX9_!!2102301727-0-alimamazszw.jpg,喜庆感,3,5,4,3,4
O1CN01XqF6xd1p0zSgKGTIq_!!1981355299-0-alimamazszw.jpg,科技感,3,5,2,3,5
O1CN01u7Alcv1RFbJH1RXQx_!!925772082-0-alimamazszw.jpg,高端轻奢,2,5,5,2,5
O1CN01sPnTbH1iPXMYitFap_!!2208028114405-0-alimamazszw.jpg,高端轻奢,2,5,5,2,5
O1CN01mCYO6J1i2dXy9hiVQ_!!2066014355-0-alimamazszw.jpg,喜庆感,4,5,4,3,4
O1CN01oGzl561ZAZt1sgEoy_!!17693154-0-alimamazszw.jpg,高端轻奢,3,5,4,3,5
O1CN015LOLXg2NdBQESxgHz_!!2938669985-0-alimamazszw.jpg,高端轻奢,2,5,4,2,5
O1CN01gxRUgo1L4iBlV1zt3_!!3164711246-0-alimamazszw.jpg,科技感,4,5,3,3,5
O1CN01cNfQRZ1l8XVi08uIi_!!2455154774-0-alimamazszw.jpg,科技感,3,5,2,2,5
O1CN01pjI5ke1CJWSOZAFYf_!!3320150060-2-alimamazszw.png,科技感,3,5,2,3,5
O1CN01GdZe0H2HE625EW6fM_!!1087469118-0-alimamazszw.jpg,简约商务,3,5,5,3,5
O1CN01Wu4pck1H7gI78lmkB_!!2208633660711-0-alimamazszw.jpg,科技感,3,5,2,3,5
O1CN01ogCcZf2HiKAhHCqFy_!!89169184-0-alimamazszw.jpg,高端轻奢,3,5,5,3,5
O1CN01l2ISSK1LTRa7Ikmp2_!!2452721300-0-alimamazszw.jpg,喜庆感,3,5,3,2,4
O1CN016o6nvT2E2Euh2dv8E_!!4038458686-0-alimamazszw.jpg,简约商务,4,5,4,3,5
O1CN01ak7Lj21l8XWTKMARw_!!2455154774-0-alimamazszw.jpg,科技感,3,5,3,3,5
O1CN01wH68wc1W1T9N9Ac8B_!!292022728-0-alimamazszw.jpg,喜庆感,4,5,3,4,4
O1CN01NEdXRW2EsuSoe3wUc_!!4116688801-0-alimamacc.jpg,喜庆感,3,5,2,3,4
O1CN011hK4m51rpUL4gquSN_!!3926625680-0-alimamazszw.jpg,喜庆感,3,5,3,3,4
O1CN013AH7Vf2431SQhZaXN_!!2206834377334-0-alimamazszw.jpg,喜庆感,3,5,3,3,4
O1CN019GS8xi26Smxu12ebQ_!!194927661-0-alimamazszw.jpg,高端轻奢,2,5,5,2,5
O1CN01bV3SAG1dpZmuqoK0x_!!893103785-0-alimamazszw.jpg,简约商务,3,5,5,2,5
O1CN014bXAcL1g4oDSxEy4h_!!2200757864089-0-alimamazszw.jpg,简约商务,4,5,5,3,5
O1CN01o2tjFe2GHviwkANpy_!!1710578991-0-alimamazszw.jpg,简约商务,3,5,3,3,5
O1CN01rH2dtp1FkUcW6A23H_!!822280525-0-alimamazszw.jpg,高端轻奢,2,5,4,2,5
O1CN01tAPtSU2JW4naSUe6b_!!3874929428-0-alimamazszw.jpg,科技感,4,5,3,3,5
O1CN01wVK2Ed1ktQRs6e9kf_!!1898854741-0-alimamazszw.jpg,科技感,3,5,3,3,5
O1CN01mIaVkh2LGcfxDZ8yT_!!3378599665-0-alimamazszw.jpg,高端轻奢,3,5,4,3,5
O1CN01SzQhxr1QN6ATavBwZ_!!2200637731963-0-alimamazszw.jpg,高端轻奢,3,5,5,3,5
O1CN01NlZ40t1vdojLCPhmE_!!1683056196-0-alimamazszw.jpg,喜庆感,3,5,4,3,4
O1CN01Cmoaw51cW3Jl4o7K5_!!372583607-0-alimamacc.jpg,高端轻奢,2,5,4,2,5
O1CN016JzD4y2Lu0igCq0ea_!!2208862969751-0-alimamazszw.jpg,简约商务,3,5,5,3,5
O1CN01Wo4RVS1ZxaGAYe1EB_!!2210537863261-0-alimamazszw.jpg,简约商务,3,5,5,3,5
pexels-photo-10921424.jpeg,高端轻奢,3,5,3,2,5
O1CN01tPNEnq25FDc5Eix8K_!!714717496-0-alimamazszw.jpg,喜庆感,3,5,3,3,4
O1CN01JJfmnF1uuTW828GJz_!!4260076097-0-alimamazszw.jpg,高端轻奢,3,5,5,2,5
O1CN01DHUSb41RPDda8so3J_!!2210516382103-0-alimamazszw.jpg,科技感,2,5,2,2,5
O1CN01zAssw92M97oraUCmC_!!919129784-0-alimamazszw.jpg,高端轻奢,3,5,5,3,5
O1CN01MNFNnz1iK2caLfLiT_!!3461384393-0-alimamazszw.jpg,喜庆感,3,5,4,3,4
O1CN01VxyycA2DFEYn8bSGG_!!2641858579-0-alimamazszw.jpg,高端轻奢,2,5,5,2,5
O1CN01RU4b7t2Lyai0lPeYW_!!2965419761-0-alimamazszw.jpg,简约商务,3,5,5,3,5
O1CN01IKvfOh28CQ2z79C6J_!!2210469357896-0-alimamazszw.jpg,简约商务,4,5,5,3,5
O1CN01A1uB3z21mPpSZBqO5_!!2397107027-0-alimamacc.jpg,喜庆感,3,5,4,3,4
O1CN01Zl7CgB27hH7G8VYqM_!!2176017828-0-alimamazszw.jpg,简约商务,3,5,5,2,5
O1CN01AoTzeS23opAoCqmM0_!!883737303-0-alimamazszw.jpg,高端轻奢,4,5,3,3,5
O1CN01yVOmaA1IbHVcMRULv_!!293030911-0-alimamazszw.jpg,卡通童趣,3,5,3,2,3
O1CN01WRF08t1cSqY2jukBz_!!73903600-0-alimamazszw.jpg,高端轻奢,2,5,4,2,5
O1CN0126A8oe1oJwD9uTgPW_!!3893745205-0-alimamazszw.jpg,简约商务,4,5,5,3,5
O1CN01FifFT320yUgYD6Oqr_!!2787846918-0-alimamazszw.jpg,简约商务,3,5,5,2,5
O1CN01s4Xgqb1kaeDlbIBN2_!!2208801154700-0-alimamazszw.jpg,高端轻奢,2,5,5,2,5
O1CN01hy8K6o1Jle5M31cP0_!!2208447401069-0-alimamazszw.jpg,喜庆感,4,5,2,3,4
O1CN01ZHaq9H22FGnTRtEf2_!!4291147090-0-alimamazszw.jpg,喜庆感,3,5,2,3,4
O1CN01K17zqi1ZqFvP8hHkC_!!2259623245-0-alimamazszw.jpg,高端轻奢,2,5,5,2,5
O1CN019dhH4b2511Kjx7E2P_!!2765717465-0-alimamazszw.jpg,简约商务,3,5,5,2,5
O1CN01GJuIqR1yJ9fxK7CDB_!!2207767596557-0-alimamazszw.jpg,简约商务,3,5,4,2,5
O1CN01H0AZk52LlJBWqkqE8_!!2200787329732-0-alimamazszw.jpg,高端轻奢,3,5,4,3,5
O1CN013tvLK11K3VYWYwxYA_!!2335371108-0-alimamazszw.jpg,高端轻奢,3,5,5,3,5
O1CN01qznVhh1fstvW5ttYZ_!!2555064063-0-alimamazszw.jpg,高端轻奢,3,5,4,3,5
O1CN01jKDKoj2DMYssoAsKa_!!2208773158595-0-alimamazszw.jpg,简约商务,3,5,5,2,5
O1CN01Co1mlZ1GyymW2RISr_!!1799180692-0-alimamazszw.jpg,简约商务,4,5,5,4,5
O1CN01ONQpQt1vQXEEKY4pA_!!2613416167-0-alimamazszw.jpg,高端轻奢,4,5,5,3,5
pexels-photo-7986994.jpeg,喜庆感,2,5,2,1,4
O1CN01IrYoKi1aD9jLiB34q_!!2107773295-0-alimamazszw.jpg,简约商务,3,5,5,3,5
O1CN01VPa0Kp1IpTmogad7Z_!!2612420942-0-alimamazszw.jpg,高端轻奢,3,5,4,3,5
O1CN013SkNy320A76XhtySR_!!2206360986808-0-alimamazszw.jpg,简约商务,3,5,5,3,5
O1CN01VeyQDZ1Kk6OD4KROs_!!765321201-2-alimamazszw.png,高端轻奢,2,5,5,2,5
O1CN01m4AjIY1xqIlBJqh0L_!!2257606494-0-alimamazszw.jpg,高端轻奢,3,5,4,2,5
O1CN01j6O5dm1sXSMnVq8RC_!!674135776-0-alimamazszw.jpg,高端轻奢,3,5,5,3,5
O1CN01mlhANk2L8pwdr2C1r_!!3011229648-0-alimamazszw.jpg,高端轻奢,3,5,4,3,5
O1CN012nyqpV2CoDBQ2QTAC_!!909438520-0-alimamazszw.jpg,简约商务,3,5,4,2,5
O1CN01TCk2Fa1ME9zR4SaWJ_!!2206584311402-0-alimamazszw.jpg,高端轻奢,3,5,4,3,5
O1CN01V5Sz162LY1jS0kgg1_!!2211202079703-0-alimamazszw.jpg,科技感,3,5,3,2,5
O1CN01isbPir2GsZOTuJPKG_!!712109071-0-alimamazszw.jpg,简约商务,3,5,5,2,5
O1CN01Hwve8w252OX4bUbeY_!!2210066107468-0-alimamazszw.jpg,简约商务,4,5,5,3,5
O1CN01QqSw9Y27ngdeIWqGV_!!4272467842-0-alimamazszw.jpg,简约商务,4,5,5,3,5
O1CN010cX1x31j7xnuBgnaa_!!2637584502-0-alimamazszw.jpg,喜庆感,4,5,2,3,4
O1CN01M7YaJX2HQv6JhTiqU_!!2208515139146-0-alimamazszw.jpg,喜庆感,3,5,4,3,4
O1CN01KtYQBy28RX6efEcWK_!!2209734977929-0-alimamazszw.jpg,高端轻奢,3,5,4,3,5
O1CN01lzKQNZ1JwdbIrKqvR_!!2210601931093-0-alimamazszw.jpg,高端轻奢,2,5,5,2,5
O1CN01JVHS5p2LiYqkqwimR_!!56549726-0-alimamazszw.jpg,高端轻奢,2,5,5,2,5
O1CN010SJKRn1EIGaNAcnZz_!!2011720328-2-alimamacc.png,高端轻奢,3,5,4,3,5
free-photo-of-binh-d-ng.jpeg,科技感,3,5,2,3,5
O1CN01pVzujx2NI7BEJ9fTi_!!3818769939-0-alimamazszw.jpg,简约商务,4,5,3,4,5
O1CN01vhcRFi1ObB8Um9GIj_!!2209927791723-0-alimamazszw.jpg,简约商务,3,5,3,2,5
O1CN015QBnbr1kW4ErZQfbE_!!2209307964690-0-alimamazszw.jpg,喜庆感,4,5,4,3,4
O1CN01YMSAST260qnpeipbj_!!2200757237600-0-alimamazszw.jpg,高端轻奢,3,5,3,3,5
O1CN01SJw1fd1II2tHLgNXm_!!2206475000869-0-alimamazszw.jpg,喜庆感,2,5,3,2,4
O1CN017Sdpuc2DUo1h9tVfd_!!2898648613-0-alimamazszw.jpg,简约商务,4,5,5,3,5
O1CN01AsU54e1b3MtHLRvYj_!!605623409-0-alimamazszw.jpg,喜庆感,3,5,3,3,4
O1CN01cfeDkj1k2ksy2z9qv_!!838914626-0-alimamazszw.jpg,高端轻奢,3,5,4,3,5
O1CN01CntLIa2HRpvSaPS7w_!!3599799148-0-alimamazszw.jpg,喜庆感,4,5,3,3,4
O1CN01aTJXGk1WKFPQsoO2b_!!2957642769-0-alimamazszw.jpg,科技感,3,5,3,3,5
O1CN018mzI6J1rt9VkcRLPm_!!3931325688-0-alimamazszw.jpg,高端轻奢,4,5,3,3,5
pexels-photo-32549960.jpeg,时尚感,3,5,3,2,4
O1CN01IsS0x31JMuiJMfxAD_!!2890831015-0-alimamazszw.jpg,科技感,3,5,4,3,5
O1CN01085bQu2GXxbXWRZdR_!!190979026-0-alimamazszw.jpg,科技感,3,5,3,2,5
O1CN01nwEbwL1p61oV3lv16_!!630935310-0-alimamazszw.jpg,时尚感,4,5,2,3,4
pexels-photo-21620890.jpeg,高端轻奢,3,5,4,3,5
O1CN01psvycH1RILgunc236_!!1818112088-0-alimamazszw.jpg,简约商务,4,5,3,3,5
O1CN014NQPSY1s6R0W6HCuG_!!4033595717-0-alimamazszw.jpg,简约商务,4,5,5,3,5
O1CN01RbOiYq1FRG0G3JrP6_!!2206776290483-0-alimamacc.jpg,喜庆感,3,5,3,3,4
O1CN019075rS1yBMwzMmH9S_!!2201235696540-0-alimamacc.jpg,喜庆感,4,5,2,3,4
O1CN01f1SKua1q4U5Cq2850_!!2206734325442-0-alimamazszw.jpg,高端轻奢,3,5,5,3,5
O1CN01ZVVLyF1MLwiUvjSRR_!!3837641419-0-alimamazszw.jpg,高端轻奢,3,5,5,2,5
O1CN01Qwgm6N1hqjGvFsxWD_!!1809164329-0-alimamazszw.jpg,简约商务,2,5,5,2,5
O1CN01WGTUQq1WrDvEy0pkv_!!3417742841-0-alimamazszw.jpg,科技感,3,5,2,3,5
O1CN01PlMnFs1zFK0jhJH7y_!!2830036684-0-alimamazszw.jpg,喜庆感,4,5,3,4,4
O1CN01xiV6r51wWmG6N2PUO_!!648476316-0-alimamazszw.jpg,简约商务,2,5,5,2,5
O1CN01BrGNiR1ZUGvX85MXC_!!803913197-0-alimamazszw.jpg,喜庆感,4,5,3,3,4
pexels-photo-28843275.jpeg,复古国风,3,5,2,3,3
O1CN01Jx2zWD1qARFNZYAFa_!!2208657215455-0-alimamazszw.jpg,简约商务,2,5,5,2,5
O1CN01pgsza61UXPZF5KMxP_!!2208261692527-0-alimamazszw.jpg,简约商务,3,5,4,3,5
O1CN01X4bmcu1EXNgWUDDaa_!!1710310361-0-alimamazszw.jpg,科技感,3,5,2,3,5
O1CN019uWjln1yhQhDK7l1a_!!2112306610-0-alimamazszw.jpg,简约商务,2,5,5,2,5
pexels-photo-14473449.jpeg,高端轻奢,1,5,5,1,5
O1CN01fwzq4r1Z7pUFp736Y_!!2361573148-0-alimamazszw.jpg,简约商务,2,5,3,2,5
O1CN01ZmjuXA25FDaUFAQNd_!!714717496-0-alimamazszw.jpg,喜庆感,3,5,3,3,4
O1CN01QfeOPq1y37qU4je6e_!!2208415136522-0-alimamazszw.jpg,简约商务,2,5,5,2,5
O1CN01iWVj7A2431Sd41hX8_!!2206834377334-0-alimamazszw.jpg,高端轻奢,3,5,5,2,5
O1CN01MwxMhe1PWQbZQAYZ4_!!1807761848-0-alimamazszw.jpg,简约商务,3,5,4,3,5
O1CN01h7oigX1SRL50LNQH8_!!2106502243-0-alimamazszw.jpg,高端轻奢,4,5,4,3,5
O1CN01oC6hWX1i6l73coTYS_!!2206963384364-0-alimamazszw.jpg,高端轻奢,4,5,4,3,5
O1CN01DhsStr1Pb0a8RuAoV_!!3913541858-0-alimamazszw.jpg,喜庆感,3,5,4,2,4
O1CN01JXIooy1N3ujqiAATU_!!4186531515-0-alimamazszw.jpg,简约商务,4,5,5,3,5
O1CN01zmlaNv1LJpHjJuMxe_!!1113961279-0-alimamazszw.jpg,高端轻奢,2,5,5,2,5
pexels-photo-24880270.jpeg,科技感,3,5,4,2,5
O1CN01Ap1oxp1RPDdOBQybq_!!2210516382103-0-alimamazszw.jpg,高端轻奢,2,5,4,2,5
O1CN012RxZVu1aZb8fudPIf_!!1700873344-0-alimamazszw.jpg,喜庆感,3,5,3,3,4
O1CN01D9kYri1vQXF2wD6XE_!!2613416167-0-alimamazszw.jpg,高端轻奢,3,5,5,3,5
O1CN01cwmZkL2CLMEjjTEaz_!!2207508538457-0-alimamazszw.jpg,高端轻奢,3,5,5,3,5
O1CN01QDGAjd1otCiu1o8XK_!!31215282-0-alimamazszw.jpg,高端轻奢,3,5,5,3,5
pexels-photo-25440383.jpeg,时尚感,2,5,4,2,4
O1CN01s8W7QT2DFEXasf5nr_!!3926578579-0-alimamazszw.jpg,喜庆感,4,5,2,4,4
O1CN010TX1DH1vr6E4DQG5s_!!2379306225-0-alimamazszw.jpg,喜庆感,2,5,3,2,4
O1CN01SgP2Du1ElZy9QlFLw_!!2642200392-0-alimamazszw.jpg,简约商务,3,5,5,3,5
O1CN01vwBsTo1LCxJs0Pru4_!!2164411264-2-alimamacc.png,高端轻奢,4,5,4,3,5
O1CN01JFD9rY2MBPnpaGrGB_!!883999789-0-alimamazszw.jpg,科技感,3,5,3,2,5
O1CN01ACBWAm1VubDKwympM_!!2210985182713-0-alimamazszw.jpg,科技感,4,5,3,3,5
O1CN01ZjkXVg1dYAjtuteFZ_!!2206730473747-0-alimamazszw.jpg,高端轻奢,4,5,4,3,5
O1CN01DuDjUt1YsG3gHDwNh_!!2989413114-0-alimamazszw.jpg,喜庆感,2,5,1,2,4
O1CN011Gq9Zj1TxEF8QVZ6Z_!!2386522448-0-alimamazszw.jpg,高端轻奢,3,5,4,3,5
O1CN01QrbDN51EdnDLtQrEH_!!3285660375-0-alimamazszw.jpg,简约商务,3,5,5,2,5
O1CN01HL8lgK1CPw0Ht7bpI_!!2207953200074-0-alimamazszw.jpg,简约商务,4,5,4,4,5
O1CN01RiN57p2GkKIMFP9jd_!!693659053-0-alimamazszw.jpg,高端轻奢,3,5,4,3,5
pexels-photo-31023732.jpeg,时尚感,3,5,4,3,4
pexels-photo-18068778.png,时尚感,3,5,3,2,4
O1CN01HDWem0275GCaaLwIb_!!2453967745-0-alimamazszw.jpg,喜庆感,3,5,4,3,4
O1CN018PArWq1uUpL1bZDHf_!!3899096041-0-alimamazszw.jpg,高端轻奢,4,5,4,3,5
O1CN01H7TdQb1P9WoghBTkE_!!3583491798-0-alimamazszw.jpg,喜庆感,4,5,2,3,4
O1CN01taKnmV2NUTtEticpE_!!1092839966-0-alimamazszw.jpg,科技感,4,5,2,4,5
O1CN011MZOcz1t4tInpwyLa_!!1598245849-0-alimamacc.jpg,喜庆感,3,5,3,3,4
O1CN01PsyVmI2AkQh6F8jxW_!!2209255868241-0-alimamazszw.jpg,简约商务,2,5,5,2,5
O1CN01Vcjhkc1wnitgVkG5S_!!3164986353-0-alimamazszw.jpg,科技感,4,5,4,3,5
O1CN01A0xoXp1ZToXGAH3F5_!!684553196-0-alimamazszw.jpg,喜庆感,4,5,3,4,4
O1CN01Ujj9jL1wp667Ks9Ev_!!2210539416356-0-alimamazszw.jpg,喜庆感,3,5,4,2,4
O1CN018jRly91kjo93Ywh02_!!698514720-0-alimamazszw.jpg,科技感,3,5,4,3,5
O1CN01IJOCAi2EjI95Hog0w_!!1629358780-0-alimamazszw.jpg,科技感,4,5,3,3,5
O1CN01l1AeeT1ljdaw9B5i5_!!2210416034855-0-alimamazszw.jpg,简约商务,3,5,4,3,5
O1CN01xLkBYd1rj4mUlouvd_!!2201483525666-0-alimamazszw.jpg,喜庆感,4,5,2,4,4
O1CN01ZoHcHK1hL7vyj8fBa_!!1660474260-0-alimamazszw.jpg,科技感,3,5,2,2,5
O1CN01yjhIik1FD3j4wIwIO_!!1894810452-0-alimamacc.jpg,高端轻奢,2,5,5,2,5
O1CN01tICuXG2CUyYFNbeni_!!2207527208478-0-alimamazszw.jpg,简约商务,3,5,4,3,5
O1CN01REbJyh1VkWVNar94E_!!2210450962691-0-alimamazszw.jpg,高端轻奢,3,5,4,3,5
O1CN01fdM2DB25Ganrx4LiS_!!2209180807499-0-alimamazszw.jpg,喜庆感,4,5,2,3,4
O1CN01GB3pxW1nlaVnC6WhQ_!!3596655130-0-alimamazszw.jpg,简约商务,3,5,5,2,5
O1CN01cOcTrl1rFJ3P9hiDR_!!1971935601-0-alimamazszw.jpg,简约商务,3,5,5,3,5
O1CN01TSF6Sq20RWAcL3ChR_!!2207459016846-0-alimamazszw.jpg,简约商务,3,5,5,3,5
O1CN01yAKmgV26bwtcOjtqL_!!843977681-0-alimamazszw.jpg,高端轻奢,4,5,4,3,5
O1CN01mogKUu1WUK6g6CfRG_!!2208608352791-2-alimamacc.png,高端轻奢,4,5,3,3,5
O1CN01FhY9BD2D3metNkwS8_!!3952988554-0-alimamazszw.jpg,高端轻奢,2,5,5,2,5
O1CN01NESVgS1Yoasibn3eO_!!2211045183106-0-alimamazszw.jpg,高端轻奢,3,5,5,3,5
O1CN01tEvvQA1wYbpTwohCF_!!2210419746320-0-alimamazszw.jpg,简约商务,4,5,3,4,5
O1CN01t66sUW27AIYjk71Bt_!!4205427756-0-alimamazszw.jpg,科技感,3,5,2,2,5
O1CN01g1Ut771XnqavIm4cd_!!3027922969-0-alimamazszw.jpg,高端轻奢,2,5,5,2,5
O1CN01A9dqRJ1ar0BEdhQUU_!!2201188673382-0-alimamazszw.jpg,高端轻奢,3,5,5,3,5
O1CN01NOMeFd2GVDChrvQis_!!898199020-0-alimamazszw.jpg,简约商务,3,5,5,2,5
O1CN01Fd7DwL1zFK0g0DSwW_!!2830036684-0-alimamazszw.jpg,科技感,3,5,3,3,5
O1CN01ljcaxc1jVmOLMGoPN_!!1763644554-0-alimamazszw.jpg,高端轻奢,3,5,4,3,5
O1CN01ejDiFR2E4WudAxDBV_!!2211336958691-0-alimamazszw.jpg,高端轻奢,3,5,5,3,5
O1CN01QU27o4260qnxKMHZC_!!2200757237600-0-alimamazszw.jpg,高端轻奢,4,5,4,3,5
O1CN01Jf7Bp21T09BFySaIE_!!3480282319-0-alimamazszw.jpg,简约商务,2,5,5,2,5
O1CN01bsG80p1TcA3xPeVR8_!!2211137842402-0-alimamazszw.jpg,喜庆感,3,5,3,3,4
O1CN01vptof22G3H4FZcX3K_!!1975328959-0-alimamazszw.jpg,高端轻奢,3,5,5,3,5
O1CN01Izg66u25GamygQnZj_!!533497499-0-alimamazszw.jpg,高端轻奢,2,5,5,2,5
O1CN01gBJEdD1n5S4Qw2hF6_!!2206608765038-0-alimamazszw.jpg,高端轻奢,3,5,5,3,5
O1CN01NXGV6F21QtFBUbkyy_!!2203256980-0-alimamazszw.jpg,高端轻奢,3,5,5,3,5
O1CN01gLKnCC1EOg9iXHcxJ_!!2210370150342-0-alimamazszw.jpg,喜庆感,3,5,5,3,4
O1CN01G3k5fG27OUsWrGxHk_!!2208065117787-0-alimamazszw.jpg,简约商务,3,5,5,3,5
O1CN01ODBPZp1HSI8RjWrsw_!!2207844590756-0-alimamazszw.jpg,高端轻奢,3,5,4,3,5
O1CN01LbjcAU1agvU3P7bWG_!!2201414283360-0-alimamazszw.jpg,简约商务,4,5,5,3,5
O1CN01fiq1VK1JSrrwz0pfx_!!3520051028-0-alimamazszw.jpg,简约商务,3,5,5,2,5
O1CN01cBLq5M1pTqOyQH5Cn_!!2211412405362-0-alimamazszw.jpg,简约商务,3,5,5,3,5
O1CN014Qy8Ae2LSzNjTqNXB_!!2212123759692-0-alimamazszw.jpg,高端轻奢,3,5,5,2,5
O1CN01GybjbT1oaQTsUUlPH_!!3543555241-0-alimamazszw.jpg,科技感,3,5,2,3,5
pexels-photo-24880270.jpeg,时尚感,3,5,4,2,4
O1CN011feytK2GIqWN3LE68_!!3081708993-0-alimamazszw.jpg,喜庆感,3,5,2,2,4
O1CN01jOr1RE25s9FVaVSKn_!!3964037581-0-alimamazszw.jpg,简约商务,4,5,5,3,5
O1CN01ZGXfCO25FDcLwTlbz_!!714717496-0-alimamazszw.jpg,简约商务,4,5,4,3,5
O1CN01tZzXec2KQPW0jpyQD_!!2215679551-0-alimamazszw.jpg,高端轻奢,3,5,4,3,5
O1CN019R4fSN20nVAjBVszA_!!2208596746894-0-alimamazszw.jpg,高端轻奢,2,5,5,2,5
O1CN016PLM1P29f6RmkxtzW_!!600378094-0-alimamazszw.jpg,时尚感,3,5,2,2,4
O1CN01YA5PNl1sSsQ1WcWHG_!!2076335766-0-alimamazszw.jpg,简约商务,4,5,5,3,5
O1CN01f1XEPd28FAPWuBqeI_!!3746717902-0-alimamazszw.jpg,高端轻奢,3,5,5,3,5
O1CN01CXcSvN1cWy7B4CLk8_!!3951053609-0-alimamazszw.jpg,简约商务,3,5,4,3,5
pexels-photo-5410923.jpeg,卡通童趣,3,5,1,2,3
O1CN01PJDg9c2CPTlxc8uwg_!!652048466-0-alimamazszw.jpg,高端轻奢,3,5,5,3,5
O1CN01w4WIwS1zFK1B892EF_!!2830036684-0-alimamazszw.jpg,简约商务,3,5,5,2,5
O1CN011iv8al1t3yVXa8wXw_!!275045847-0-alimamacc.jpg,高端轻奢,3,5,4,2,5
O1CN01JmLJTx1zFK0ibRI1u_!!2830036684-0-alimamazszw.jpg,科技感,4,5,3,3,5
O1CN01gm9Q4e2HNiLUOE8He_!!2201474289139-0-alimamazszw.jpg,科技感,3,5,4,3,5
O1CN01apJsDg1CO6R8hsJcn_!!2682560070-0-alimamazszw.jpg,科技感,3,5,3,3,5
pexels-photo-13951473.jpeg,高端轻奢,2,5,4,1,5
O1CN01Ub9EWa22mhjYN3oTd_!!2207594307163-0-alimamazszw.jpg,喜庆感,3,5,4,3,4
O1CN01Lg94Dd1Pnph133zGu_!!2509111886-0-alimamazszw.jpg,卡通童趣,3,5,3,3,3
O1CN01Do5yan1eMYL1m69xm_!!2208053013857-0-alimamazszw.jpg,喜庆感,3,5,4,3,4
O1CN01sT1FzC1WjRB79plFV_!!3203962824-0-alimamazszw.jpg,简约商务,2,5,4,2,5
O1CN01gYiRLl1jo6EcIEaUP_!!1765124594-0-alimamazszw.jpg,简约商务,4,5,5,3,5
O1CN01vHx7aW1iRMxXiqKfu_!!2204944409-0-alimamazszw.jpg,卡通童趣,3,5,2,3,3
O1CN01x2b4Ra1VzdYyPkbcG_!!2269332724-0-alimamazszw.jpg,高端轻奢,2,5,4,2,5
O1CN01qepIy31c7mJr6I52Y_!!2212329513554-0-alimamazszw.jpg,卡通童趣,3,5,2,3,3
O1CN01ki42I32GsZQ8lCxD2_!!1808949071-0-alimamazszw.jpg,高端轻奢,3,5,3,3,5
O1CN01OkdhOc1jZtwdpUMD2_!!2090054563-0-alimamazszw.jpg,简约商务,4,5,5,3,5
O1CN01trws672IZuW37hqG1_!!2207961079301-0-alimamazszw.jpg,喜庆感,3,5,4,3,4
O1CN01qKxRQC1KsLVpAGbdh_!!1661941219-0-alimamazszw.jpg,喜庆感,3,5,3,3,4
O1CN01rvZzt723L3OTYB6Nn_!!2210384767238-0-alimamazszw.jpg,高端轻奢,2,5,5,2,5
O1CN01CBuxKR1sCqX4OolND_!!3077295731-0-alimamazszw.jpg,科技感,3,5,2,2,5
O1CN011RHhlz1D4EryHRakV_!!637060162-0-alimamazszw.jpg,高端轻奢,3,5,5,2,5
O1CN01O1eSem27OUsXBbBt5_!!2208065117787-0-alimamazszw.jpg,简约商务,3,5,5,2,5
O1CN01YwXO7G1LhBSLxf7u1_!!2208258521330-0-alimamazszw.jpg,高端轻奢,3,5,4,2,5
O1CN01Yqzj3B1ofSpZJeZu1_!!2678805252-0-alimamazszw.jpg,高端轻奢,3,5,5,3,5
O1CN01ohlpBE1lJzOPGATVF_!!2206942144799-0-alimamazszw.jpg,简约商务,3,5,4,2,5
pexels-photo-11468739.jpeg,科技感,2,5,3,2,5
O1CN01Yw4ukq2JW4nUkMMJY_!!645049428-0-alimamazszw.jpg,高端轻奢,2,5,5,2,5
O1CN0169rpj11E96g3AUOBd_!!4073240308-0-alimamazszw.jpg,科技感,3,5,3,2,5
O1CN01XBRBOC1w6fgbwRWWz_!!95656259-0-alimamazszw.jpg,高端轻奢,2,5,4,2,5
O1CN013fHdFr1zYYeBlBtWp_!!394316726-0-alimamazszw.jpg,科技感,3,5,3,3,5
O1CN01SREj7c27OUqs9D6nc_!!2208065117787-0-alimamazszw.jpg,高端轻奢,3,5,5,3,5
O1CN01Dy91XY2JKctlKQpIb_!!2374579403-0-alimamazszw.jpg,简约商务,4,5,5,3,5
O1CN01qDybZR1y37qGTO74Q_!!2208415136522-0-alimamazszw.jpg,简约商务,2,5,5,2,5
O1CN01qiPuHv1TgHbVDd8TS_!!3482462411-0-alimamazszw.jpg,简约商务,3,5,5,3,5
O1CN01wZLeok1RRy0VnwUFf_!!3195182109-0-alimamazszw.jpg,简约商务,3,5,5,3,5
pexels-photo-34157688.jpeg,复古国风,2,5,4,2,3
O1CN019aCnFV1Y22t20EkQf_!!3283643000-0-alimamazszw.jpg,简约商务,3,5,3,2,5
O1CN01yomFJ21VSf3Xv1kwx_!!2271022652-0-alimamazszw.jpg,简约商务,3,5,5,3,5
O1CN01q5MXQd2D2PRi3mT1S_!!1129158551-0-alimamazszw.jpg,科技感,4,5,2,3,5
O1CN0104IqIn1KE2eRCRouL_!!2431891131-0-alimamazszw.jpg,高端轻奢,2,5,5,2,5
O1CN01eZg2bu1V4O3Wtt2l9_!!2906932599-0-alimamazszw.jpg,科技感,3,5,2,2,5
O1CN01MEMRwF1U8Dmjql9D9_!!3190952472-0-alimamazszw.jpg,喜庆感,3,5,2,2,4
O1CN01slVr5Y25KiMV4XcOo_!!646777508-0-alimamazszw.jpg,喜庆感,3,5,3,3,4
O1CN01zeCBQs1zIzAxB9Y2V_!!2207558206692-0-alimamazszw.jpg,高端轻奢,3,5,4,3,5
O1CN01J8MbZN1bSYgZqtO83_!!2200666833464-0-alimamazszw.jpg,科技感,3,5,3,3,5
O1CN01exJprR1QEOekdfitu_!!2209962311944-0-alimamazszw.jpg,简约商务,4,5,5,3,5
O1CN01V2wt7m1FOVddGTzvA_!!2609910477-0-alimamazszw.jpg,简约商务,2,5,5,2,5
O1CN01rj7xOw1nDEoaXcMjz_!!2201480175055-0-alimamazszw.jpg,高端轻奢,3,5,4,3,5
O1CN01oaJhpE1vYmMz9g00X_!!2200723756185-0-alimamazszw.jpg,简约商务,3,5,4,2,5
O1CN01xeymlN1eaID6akyZM_!!2207739673887-0-alimamazszw.jpg,简约商务,2,5,5,2,5
O1CN01ljDHsf1NoAkoC1EgI_!!4079151616-0-alimamazszw.jpg,高端轻奢,3,5,4,2,5
O1CN01e8jZ141IuyXP0Pxzx_!!2421830954-0-alimamazszw.jpg,简约商务,2,5,5,2,5
O1CN01kIHChM1HWs5gTifEF_!!2868450766-0-alimamazszw.jpg,高端轻奢,3,5,4,2,5
O1CN01iINsb31gY7YPccuHS_!!2200807254153-0-alimamazszw.jpg,喜庆感,3,5,3,2,4
O1CN017S50nt1YeWBQC9agq_!!2201225863084-0-alimamazszw.jpg,简约商务,4,5,3,3,5
O1CN01DW4UYl1jVmO7HFoFS_!!1763644554-0-alimamazszw.jpg,高端轻奢,3,5,4,2,5
O1CN019jVOM81j7xntUcWC9_!!2637584502-0-alimamazszw.jpg,高端轻奢,3,5,4,3,5
O1CN01aEgr0J1gnEbdM8jBq_!!2209106994186-0-alimamazszw.jpg,高端轻奢,2,5,5,2,5
O1CN01gg7NVL1GCtBpHHWxG_!!3403200587-0-alimamazszw.jpg,高端轻奢,4,5,4,3,5
O1CN01m1PZmv25GanjI45wr_!!533497499-0-alimamazszw.jpg,简约商务,3,5,5,2,5
O1CN01x1i7HV2F2zBTNuRqO_!!2354068823-0-alimamazszw.jpg,科技感,2,5,4,2,5
O1CN01bExR8w1QrKK6WIIsB_!!3116312029-0-alimamazszw.jpg,简约商务,2,5,5,2,5
O1CN01seT1561Rr9lEykYNI_!!688382164-0-alimamazszw.jpg,简约商务,4,5,3,3,5
O1CN01zziefL1v7IbOv4TLc_!!10446125-0-alimamazszw.jpg,时尚感,4,5,2,4,4
O1CN01D41itI1JPCfQ9wJBV_!!2206356341020-0-alimamazszw.jpg,高端轻奢,4,5,5,4,5
O1CN01EfkGTR1hEiOsbuAvB_!!2204175164246-0-alimamazszw.jpg,高端轻奢,3,5,5,2,5
pexels-photo-28909637.jpeg,复古国风,3,5,2,2,3
O1CN017aaPSU2JVcOw4kIN8_!!3423469427-0-alimamazszw.jpg,科技感,3,5,3,2,5
O1CN01OGsYJ51dWLALcNY9o_!!2210932243743-0-alimamazszw.jpg,喜庆感,4,5,3,3,4
O1CN01JXDSg61Fif2V8j7Yi_!!3097360521-0-alimamazszw.jpg,喜庆感,3,5,2,3,4
O1CN01BsR0uF2KylF7xFAby_!!2207494759626-0-alimamazszw.jpg,高端轻奢,4,5,3,3,5
O1CN01DhNFqv1HRphrWQtFS_!!2605950755-0-alimamacc.jpg,高端轻奢,3,5,5,3,5
O1CN01HLyVCa2JF8AHKwTra_!!2243139391-0-alimamazszw.jpg,高端轻奢,3,5,4,3,5
O1CN01wmZBxg1zPr5eQW6lQ_!!661916707-0-alimamazszw.jpg,简约商务,3,5,5,3,5
O1CN01kX1EQg2DrFQ0XKkpo_!!1066468662-0-alimamazszw.jpg,简约商务,3,5,5,2,5
O1CN01j1qPOd1NQM9kIuRmF_!!2206841221564-0-alimamazszw.jpg,喜庆感,3,5,3,2,4
O1CN01zdkbgz2JKcubNCMI9_!!2374579403-0-alimamazszw.jpg,简约商务,3,5,5,3,5
O1CN012pLDlE224jfzgnk0I_!!2201444037067-2-alimamazszw.png,喜庆感,3,5,3,3,4
pexels-photo-13951473.jpeg,简约商务,2,5,4,1,5
O1CN01SMpUxV1rvRVeAmi4u_!!2209575335693-0-alimamazszw.jpg,简约商务,4,5,4,3,5
O1CN01xJu2Rx1BySFdoNOJ5_!!508370014-0-alimamazszw.jpg,简约商务,2,5,5,2,5
pexels-photo-26838497.jpeg,时尚感,2,5,2,2,4
O1CN01ICJSvd1jVmMaNh9d6_!!1763644554-0-alimamazszw.jpg,高端轻奢,3,5,5,3,5
O1CN01iSEtLj2DgiKNe33UA_!!4114558639-0-alimamazszw.jpg,喜庆感,3,5,4,3,4
O1CN01BmllIN1FVNYa82fr8_!!3022690492-0-alimamazszw.jpg,科技感,5,5,2,4,5
O1CN01PtyXka1YfQxmgxzRB_!!828233086-0-alimamazszw.jpg,简约商务,3,5,5,3,5
O1CN01rVwbMk1OzuVaQxuF4_!!2208178121777-0-alimamazszw.jpg,喜庆感,3,5,2,3,4
O1CN01b8KRrY1lFPRjsfNQX_!!1690684789-0-alimamazszw.jpg,简约商务,4,5,4,3,5
O1CN012hpSe41TGB23AN8sR_!!3077102354-0-alimamazszw.jpg,简约商务,2,5,5,2,5
O1CN01pLvm8H1I8syM5OVAN_!!686740849-0-alimamazszw.jpg,高端轻奢,4,5,5,3,5
pexels-photo-7986979.jpeg,喜庆感,2,5,2,2,4
pexels-photo-35468964.jpeg,高端轻奢,3,5,4,2,5
O1CN01Flm98Y2KJXb2KlY8y_!!2990479536-0-alimamazszw.jpg,简约商务,3,5,4,3,5
O1CN01sZPp6N1gAlMl7STJP_!!699994102-0-alimamazszw.jpg,简约商务,4,5,4,3,5
O1CN01dRJu9l208jvj3Du6x_!!2207280356805-0-alimamazszw.jpg,时尚感,4,5,2,3,4
O1CN01WxAsSF1fzJSLFYHSB_!!4122054077-0-alimamazszw.jpg,高端轻奢,2,5,5,2,5
O1CN01QIvpih20UGYCfAWPZ_!!1624766852-0-alimamazszw.jpg,科技感,4,5,3,3,5
O1CN013M6Pda2KogWzjvANg_!!289209604-0-alimamazszw.jpg,科技感,3,5,3,2,5
O1CN01UnxmAL1Mx2low8GJL_!!2204160741500-0-alimamazszw.jpg,科技感,3,5,4,3,5
O1CN01CakxCI1MLwifDeTZo_!!3837641419-0-alimamazszw.jpg,喜庆感,2,5,3,2,4
O1CN01PtJnR31G0475IpVYA_!!2200655120559-0-alimamazszw.jpg,简约商务,3,5,5,2,5
O1CN01vhf8FT2AXbYpVh3Lx_!!1645598213-0-alimamazszw.jpg,简约商务,2,5,5,2,5
O1CN014J4oGv1lSguxBd8nV_!!3090834818-0-alimamazszw.jpg,科技感,3,5,2,2,5
O1CN01bT0h6r23VaXeFxvxo_!!393467261-0-alimamazszw.jpg,简约商务,3,5,5,3,5
O1CN019b06Rf29k8ovyMj5D_!!2798278105-0-alimamazszw.jpg,喜庆感,3,5,4,2,4
O1CN0180jDJq1lvXstispSK_!!1657254881-0-alimamazszw.jpg,简约商务,3,5,5,3,5
O1CN01w2uxjr20tSKSebekf_!!2208386996907-0-alimamazszw.jpg,高端轻奢,5,5,4,4,5
O1CN01HOJ7f52ANWsoUqR3d_!!802948191-0-alimamazszw.jpg,高端轻奢,3,5,5,2,5
O1CN01FnM23d1H5OIknVrBE_!!1903970706-0-alimamazszw.jpg,科技感,5,5,2,4,5
O1CN01bC4FPD1mACaLiSp12_!!515374913-0-alimamazszw.jpg,科技感,3,5,3,2,5
O1CN01ZklrFD1O3HpAEfmhK_!!2209203121649-0-alimamazszw.jpg,高端轻奢,4,5,4,3,5
O1CN01oWVQWW2FfSQoP4PDf_!!2670918907-0-alimamazszw.jpg,喜庆感,3,5,3,3,4
O1CN011m6Vlz1sbZxFeFvcL_!!4140235785-0-alimamazszw.jpg,喜庆感,3,5,3,2,4
O1CN0189GBYx1vOFGBOZvEC_!!2207912836162-0-alimamazszw.jpg,简约商务,3,5,4,3,5
O1CN01JpYT9U1tjC89UlylV_!!2058865937-0-alimamazszw.jpg,高端轻奢,2,5,5,2,5
O1CN01pg3Ec61Ofl5IeAGY6_!!3972941733-0-alimamazszw.jpg,科技感,2,5,2,2,5
O1CN01FAnb9A1Ksnu3Ht4Rj_!!1773211220-0-alimamazszw.jpg,高端轻奢,4,5,4,3,5
O1CN01M6oDGA1WTPKhGdguL_!!2210946742789-0-alimamazszw.jpg,简约商务,2,5,5,2,5
O1CN01Pr6vKt22seshMYF95_!!615047176-0-alimamazszw.jpg,卡通童趣,3,5,3,3,3
O1CN01FZLAOT1dkzpyzBD1u_!!3307033775-0-alimamazszw.jpg,喜庆感,3,5,4,2,4
O1CN01kJBb1f1GbAAB7Bbha_!!2207457330640-0-alimamazszw.jpg,简约商务,3,5,5,2,5
O1CN01pm5hVz1wfwB2YXZeN_!!1578756336-0-alimamazszw.jpg,简约商务,3,5,5,3,5
O1CN01ImLMmg1b6ZflwlQ7B_!!2068473416-0-alimamazszw.jpg,简约商务,3,5,5,2,5
O1CN01w0IrVs1rlpBtFvmrr_!!1638195672-0-alimamazszw.jpg,喜庆感,3,5,4,3,4
O1CN01y4m66A1ss4DC5awYb_!!2207887185821-0-alimamazszw.jpg,简约商务,3,5,5,3,5
O1CN01vnjOfP1QWiVQyDyTq_!!4072071984-0-alimamazszw.jpg,高端轻奢,3,5,4,2,5
O1CN012URdCj1LN22yDZFwk_!!1728261286-0-alimamazszw.jpg,喜庆感,4,5,3,3,4
pexels-photo-13551580.jpeg,高端轻奢,2,5,5,2,5
O1CN01N61bgA1fkCOL1ComU_!!2776354044-0-alimamazszw.jpg,高端轻奢,2,5,4,2,5
O1CN01tC0p2b2BUggqLfNlm_!!2210379248342-0-alimamazszw.jpg,高端轻奢,3,5,4,3,5
O1CN01ITw9xT1bfqACSCDWs_!!876583493-0-alimamazszw.jpg,高端轻奢,3,5,3,2,5
O1CN01xBO0yD1QqrtodE9UY_!!1071042028-0-alimamazszw.jpg,高端轻奢,4,5,4,3,5
O1CN01xLANyU1KUzIOHvK3y_!!2653951168-2-alimamazszw.png,科技感,4,5,3,3,5
O1CN01LX7iEa1RILg09hP6J_!!1818112088-0-alimamazszw.jpg,喜庆感,3,5,2,2,4
pexels-photo-13536030.jpeg,高端轻奢,3,5,4,3,5
O1CN015ydLBY1cF6f46f6gc_!!2263633570-0-alimamazszw.jpg,喜庆感,4,5,2,3,4
O1CN016oUyqf1IX9y0ybR4q_!!2185830902-0-alimamazszw.jpg,喜庆感,3,5,4,3,4
pexels-photo-6779226.jpeg,科技感,3,5,2,3,5
O1CN010yAurS2129q849mJ0_!!3452186926-0-alimamazszw.jpg,高端轻奢,3,5,3,3,5
O1CN012wyB2C1NbLdp5SlpY_!!2201255401588-0-alimamazszw.jpg,高端轻奢,3,5,4,3,5
O1CN0161aycA1vRuQfXGCBx_!!654566170-0-alimamazszw.jpg,高端轻奢,3,5,5,3,5
pexels-photo-7577799.jpeg,科技感,3,5,4,2,5
O1CN01BAN7EP1PMoKFLpHpc_!!1114511827-0-alimamazszw.jpg,科技感,3,5,2,3,5
O1CN01xqSgyR2N0FlCrBkwx_!!4074759900-0-alimamazszw.jpg,简约商务,3,5,4,3,5
O1CN016AiEV71iDAfdXAWO9_!!2102184378-0-alimamazszw.jpg,时尚感,3,5,2,2,4
O1CN01U0Azgh1xn5zF2qSGZ_!!104406487-0-alimamazszw.jpg,喜庆感,4,5,2,3,4
O1CN01x9rArM22zzDO4AZlH_!!2830087192-0-alimamazszw.jpg,简约商务,3,5,5,2,5
pexels-photo-31023734.jpeg,时尚感,3,5,4,2,4
O1CN011s8cne25KFyT9e3sl_!!125277507-0-alimamazszw.jpg,高端轻奢,3,5,4,2,5
O1CN018WJnMI2AFk9hXjvM7_!!3394228174-0-alimamazszw.jpg,喜庆感,3,5,4,3,4
O1CN01Ku2rRo1KfynhlY297_!!2201197361192-0-alimamazszw.jpg,简约商务,3,5,4,3,5
O1CN01gGhLEE1CWLYxy97xE_!!2209587990088-0-alimamazszw.jpg,喜庆感,4,5,2,4,4
O1CN01BFHfUJ1w30VsNRrDS_!!2224996251-0-alimamazszw.jpg,高端轻奢,3,5,5,3,5
O1CN01n412VL1HVxInxSH8y_!!2210683430764-0-alimamazszw.jpg,科技感,3,5,2,3,5
O1CN01igI8k82FwP7NqjpmO_!!761148944-0-alimamazszw.jpg,喜庆感,3,5,5,3,4
O1CN01OHVW9d29nnzKROJPi_!!154338113-0-alimamazszw.jpg,高端轻奢,4,5,5,3,5
O1CN01pHAn2O2GtwaYGmvun_!!2200717699074-0-alimamazszw.jpg,喜庆感,3,5,4,3,4
O1CN01zpQtC91GKfwKo4iy5_!!407840604-0-alimamazszw.jpg,喜庆感,4,5,4,3,4
O1CN01Nfd0l91G0WVfS48Tz_!!2207837380560-0-alimamazszw.jpg,喜庆感,4,5,4,3,4
O1CN01f9SSyW1tzgOJUc0FM_!!1613055973-0-alimamazszw.jpg,高端轻奢,2,5,5,2,5
O1CN01XzelSO1uaK3lD46K3_!!2310266053-0-alimamazszw.jpg,科技感,3,5,3,3,5
O1CN01YryNGu1j7xn4sJ9fI_!!2103694502-0-alimamazszw.jpg,简约商务,3,5,5,2,5
O1CN01m1NzlG22kPiAQk1gd_!!2210411087158-0-alimamazszw.jpg,简约商务,3,5,4,2,5
O1CN01Wkmb2h1PgxjNa4wYa_!!3840141871-0-alimamazszw.jpg,简约商务,3,5,5,3,5
O1CN01acYfUy1ElZxLZrF2h_!!2642200392-0-alimamazszw.jpg,高端轻奢,3,5,5,3,5
O1CN01GMoDek1OxcXpEpXSS_!!2653861772-0-alimamazszw.jpg,喜庆感,3,5,3,3,4
O1CN01uBhVE81tJXxFaUGKJ_!!745475881-0-alimamazszw.jpg,简约商务,3,5,5,2,5
O1CN01GbW9nU1IJQ4O6ArXu_!!421070872-0-alimamazszw.jpg,时尚感,4,5,2,3,4
O1CN01bfjEYf2JqEDFieIMJ_!!23739472-0-alimamazszw.jpg,高端轻奢,2,5,4,2,5
O1CN01UQnZEX1HgUNHd4RUF_!!4222670787-0-alimamazszw.jpg,喜庆感,3,5,3,3,4
O1CN01NNn22A28nyWC7IIOy_!!2223567978-0-alimamazszw.jpg,高端轻奢,3,5,5,3,5
O1CN01fsWook1iE5T1jeMPh_!!2115394380-0-alimamazszw.jpg,科技感,3,5,2,3,5
O1CN01Qp7Y2q1tww1qA6uIP_!!2798015967-0-alimamazszw.jpg,高端轻奢,3,5,4,3,5
O1CN019GyNiz1GYPoc4YfnC_!!2207985200634-0-alimamazszw.jpg,简约商务,3,5,3,3,5
O1CN01qXMwz51lXGtsUtWob_!!1746384828-0-alimamazszw.jpg,科技感,4,5,2,3,5
O1CN01WShRdM1iwyHw92Kjq_!!2113524478-0-alimamazszw.jpg,简约商务,3,5,3,3,5
O1CN01N3Hayq22jUwyrBsDe_!!2200736037156-0-alimamazszw.jpg,简约商务,2,5,5,2,5
O1CN01gxgwjy1lwSfC41zjP_!!2206702604883-0-alimamazszw.jpg,简约商务,3,5,3,2,5
O1CN01ICpFnW1g23qsV335D_!!379424083-0-alimamazszw.jpg,简约商务,2,5,5,2,5
O1CN01YKgTrH1h1Quyrd0VG_!!2206397234217-0-alimamazszw.jpg,科技感,3,5,4,3,5
O1CN01HQXwyA2L8puwXj21D_!!3011229648-0-alimamazszw.jpg,简约商务,3,5,5,2,5
O1CN015TQQru1dVsmsZMK8C_!!2207563133742-0-alimamazszw.jpg,高端轻奢,3,5,4,3,5
pexels-photo-9135783.jpeg,时尚感,3,5,2,2,4
pexels-photo-20690843.jpeg,时尚感,3,5,2,3,4
O1CN01JVXCJ722Vl4PxilkN_!!2938397126-0-alimamazszw.jpg,简约商务,3,5,5,3,5
O1CN01Lc5w9U1JZHPltli1h_!!3513201042-0-alimamazszw.jpg,科技感,3,5,3,3,5
O1CN01WbOOrZ1fHLS3Mv9OW_!!3037963981-0-alimamazszw.jpg,喜庆感,3,5,3,3,4
O1CN015jDzRd1G1tgawH6fI_!!3951540563-0-alimamazszw.jpg,喜庆感,4,5,4,3,4
O1CN01b1EeXE1b3MsX6AR5X_!!605623409-0-alimamazszw.jpg,简约商务,3,5,5,2,5
O1CN01kTk0541gRi1EPqzU2_!!4081464139-0-alimamazszw.jpg,喜庆感,3,5,3,3,4
O1CN01Lse6Pb1vQXExy8OMu_!!2613416167-0-alimamazszw.jpg,高端轻奢,3,5,4,3,5
pexels-photo-7577843.jpeg,时尚感,3,5,3,3,4
O1CN01wd3peO1m5ccqDDSsS_!!3796214903-0-alimamazszw.jpg,简约商务,2,5,5,2,5
O1CN0183jALC1Yz803TB9eX_!!4075533129-0-alimamazszw.jpg,高端轻奢,3,5,4,3,5
O1CN01qdm9k91EOg9yAEs2h_!!2210370150342-0-alimamazszw.jpg,科技感,3,5,4,3,5
O1CN01k5Xacl1VvyQiJkba9_!!4163452716-0-alimamazszw.jpg,简约商务,3,5,3,2,5
O1CN01eZo48t1fXphpn5Kpe_!!1024694017-0-alimamazszw.jpg,高端轻奢,3,5,4,3,5
O1CN01AjWmuk1g23p9o2Xvn_!!379424083-0-alimamazszw.jpg,简约商务,2,5,5,2,5
O1CN01JDrcFY1YIzYteXncV_!!27843037-0-alimamazszw.jpg,简约商务,2,5,5,2,5
O1CN0178K4MK1l5KkHAac6T_!!2206482874767-0-alimamazszw.jpg,高端轻奢,3,5,5,2,5
O1CN01Ter26U1aGouiEclPB_!!2211935693303-0-alimamazszw.jpg,高端轻奢,3,5,4,3,5
O1CN01z9ysIJ1pW8OwLtJKr_!!2208094955367-0-alimamazszw.jpg,高端轻奢,2,5,5,2,5
pexels-photo-804269.jpeg,科技感,2,5,3,2,5
pexels-photo-33927831.jpeg,复古国风,2,5,3,2,3
O1CN011vOmIk1Nv2hANBqx3_!!786621631-0-alimamazszw.jpg,简约商务,3,5,2,2,5
O1CN01HRUCAo1cZiT77gIZL_!!2208378563615-0-alimamazszw.jpg,简约商务,2,5,5,2,5
O1CN011Q9pbH1PSJ4ULAot5_!!2210663831839-0-alimamazszw.jpg,简约商务,3,5,5,2,5
O1CN011eQ2YU1uTuYYJb3Fz_!!2206385106039-0-alimamazszw.jpg,高端轻奢,2,5,4,2,5
O1CN017zUmvl260qo0MvQE2_!!2200757237600-0-alimamazszw.jpg,科技感,4,5,3,3,5
O1CN015qSRUr1lzD4tlqglT_!!2210997784889-0-alimamazszw.jpg,简约商务,3,5,4,3,5
O1CN01ZRjL711j3qDWuHaSC_!!2615154493-0-alimamazszw.jpg,简约商务,2,5,5,2,5
O1CN01dU5BTA1RYpxFIFk6g_!!2211844472124-0-alimamazszw.jpg,高端轻奢,3,5,4,3,5
O1CN01uwlKwX2E39iYhSnzJ_!!2211115938688-0-alimamazszw.jpg,喜庆感,3,5,3,3,4
O1CN01lcRuhJ1y37qBDZWKw_!!2208415136522-0-alimamazszw.jpg,时尚感,2,5,2,2,4
O1CN01dptSHX1NaQrgYXFEW_!!2209104601586-0-alimamazszw.jpg,高端轻奢,3,5,4,3,5
O1CN01526tSJ1QY5hF6zdE7_!!2867731987-0-alimamazszw.jpg,喜庆感,4,5,2,3,4
O1CN01mtvzEj1idHDrQt3TV_!!1124064435-0-alimamazszw.jpg,喜庆感,3,5,3,3,4
O1CN01RrQgnw1KwT2eJP4f9_!!2081251228-0-alimamazszw.jpg,高端轻奢,3,5,5,3,5
O1CN01sQO3f024xoXrDZvsF_!!2200948687458-0-alimamazszw.jpg,喜庆感,3,5,3,3,4
O1CN01u5p2WQ1Gc4yhKuXU0_!!656920642-0-alimamazszw.jpg,高端轻奢,4,5,4,3,5
O1CN01QiDfoQ1ffA2tsTZK2_!!3397864033-0-alimamazszw.jpg,简约商务,3,5,5,2,5
O1CN01gsdpPt1l4PxiiQNp6_!!917264765-0-alimamazszw.jpg,简约商务,2,5,5,2,5
O1CN01OIFyhV2EDgqUALSrJ_!!2211102958711-0-alimamazszw.jpg,喜庆感,3,5,3,3,4
O1CN01kOv7Iu1O1SEM3P5Px_!!3408811645-0-alimamazszw.jpg,高端轻奢,2,5,5,2,5
O1CN01hhlj2u1RPDdRl6u8U_!!2204109362103-0-alimamazszw.jpg,简约商务,4,5,5,3,5
O1CN01Bi7UYt2D12H0VcCHG_!!1573418548-0-alimamazszw.jpg,高端轻奢,3,5,4,3,5
pexels-photo-7577843.jpeg,简约商务,3,5,4,3,5
O1CN01Nyw8DG1hYPOmhXYPi_!!2204120304289-0-alimamazszw.jpg,喜庆感,3,5,3,3,4
pexels-photo-13536030.jpeg,科技感,3,5,3,3,5
O1CN01nG8jjp29djGzqFhfA_!!2424298091-0-alimamazszw.jpg,简约商务,3,5,5,3,5
O1CN01xugyhF1cCoe1h94Ko_!!2205586753565-0-alimamazszw.jpg,简约商务,2,5,5,2,5
pexels-photo-30616133.jpeg,科技感,3,5,4,2,5
O1CN01t0DHUn1QY5hGKdzWO_!!2867731987-0-alimamazszw.jpg,喜庆感,4,5,4,4,4
O1CN01XTrYDZ1Fsjm2s0vec_!!2090970543-0-alimamazszw.jpg,简约商务,3,5,5,3,5
O1CN018OkEfm1yCHm92goko_!!2206853396542-0-alimamazszw.jpg,科技感,3,5,4,3,5
O1CN01jpSWBJ1WkoNnkKe9P_!!2064892827-0-alimamazszw.jpg,简约商务,3,5,5,3,5
pexels-photo-7986986.jpeg,喜庆感,2,5,4,1,4
O1CN016aJMDQ1XyNjY92rNV_!!2200968962992-0-alimamazszw.jpg,简约商务,3,5,4,2,5
O1CN01tGe9GU1IYX8W8qXnH_!!324020905-0-alimamazszw.jpg,卡通童趣,2,5,2,2,3
O1CN01nflZL029nnyNU8Po2_!!2208615028113-0-alimamazszw.jpg,高端轻奢,3,5,5,2,5
O1CN01ZKNzoT27OUr2aBzdf_!!2208065117787-0-alimamazszw.jpg,科技感,4,5,2,3,5
O1CN01pGTnzm1a7Ca9E4mAx_!!1765283282-0-alimamazszw.jpg,简约商务,3,5,5,3,5
O1CN01pftK5k1MKZWQ72CF7_!!1739731416-0-alimamazszw.jpg,高端轻奢,3,5,4,3,5
pexels-photo-29501720.jpeg,高端轻奢,3,5,4,3,5
O1CN01IzCIfn1ZEF3R5ejaU_!!3476643162-0-alimamazszw.jpg,高端轻奢,3,5,4,3,5
O1CN01IEAsSz28G5DZV0uQP_!!2352297904-0-alimamazszw.jpg,喜庆感,3,5,2,3,4
O1CN01le31QW27OUqhW24sl_!!2208065117787-0-alimamazszw.jpg,简约商务,3,5,5,3,5
O1CN01uzkeWl1HGqEeQDT69_!!2057810731-0-alimamazszw.jpg,简约商务,3,5,5,2,5
O1CN01QBDVhU2ESnufW9Bwz_!!2207532098744-0-alimamazszw.jpg,喜庆感,3,5,3,3,4
O1CN01LnR2vo1zEPCNXTlJC_!!2159616682-0-alimamazszw.jpg,简约商务,3,5,5,3,5
O1CN01MZkoLf1QvRtSrScQO_!!113462038-0-alimamazszw.jpg,简约商务,2,5,4,2,5
O1CN01bk0enA1PrxFPPlVir_!!2095691895-0-alimamazszw.jpg,高端轻奢,3,5,5,2,5
O1CN01XTFAY41lUywAS80fx_!!572054823-0-alimamazszw.jpg,高端轻奢,2,5,5,2,5
O1CN01PrJeBr2FZ2tREuLWw_!!2939128893-0-alimamazszw.jpg,高端轻奢,3,5,4,2,5
O1CN013QJwIT2LdysRynC4g_!!2208350619716-0-alimamazszw.jpg,高端轻奢,3,5,5,3,5
O1CN010vTaJD1Yk0vz6q57E_!!1737053096-0-alimamazszw.jpg,简约商务,3,5,4,3,5
O1CN01cT1FTo25GaoIP329z_!!533497499-0-alimamazszw.jpg,简约商务,3,5,5,3,5
O1CN01qd0jBt2AXba4JoBRe_!!1645598213-0-alimamazszw.jpg,简约商务,2,5,5,2,5
O1CN01tBiheE1jVK0D3szDE_!!2212463004553-0-alimamazszw.jpg,高端轻奢,2,5,5,2,5
O1CN01IZHAEn1jIxHVLy4dg_!!2901504526-0-alimamazszw.jpg,简约商务,2,5,5,1,5
O1CN01r3NxV01RPDdhWCQ06_!!2204109362103-0-alimamazszw.jpg,简约商务,3,5,5,3,5
O1CN01lQQG7h1C3UbWTq7EX_!!2209849900025-0-alimamazszw.jpg,高端轻奢,4,5,4,3,5
O1CN01mrcEhy1kn0urmCdhe_!!1692274727-0-alimamazszw.jpg,科技感,3,5,3,2,5
O1CN01E0VwHM1HfZbFYtD3n_!!2206413120785-0-alimamazszw.jpg,高端轻奢,3,5,5,2,5
O1CN01XHSA1h1BySEomQAq8_!!508370014-0-alimamazszw.jpg,简约商务,3,5,5,2,5
O1CN014hKGyJ21bQLTPvkLI_!!2845867003-0-alimamacc.jpg,喜庆感,3,5,4,3,4
O1CN01KblICb1ywXkkcjfKK_!!2428286643-0-alimamazszw.jpg,简约商务,4,5,3,3,5
O1CN01Yny9kV1wJ2N97HUfv_!!3884776286-0-alimamazszw.jpg,高端轻奢,3,5,5,3,5
O1CN01dDGeLW1v3B1ju3UeU_!!2577206116-0-alimamazszw.jpg,科技感,4,5,3,3,5
O1CN01zYAMIY1qKyM5bFndS_!!2207556435478-0-alimamazszw.jpg,简约商务,4,5,5,3,5
O1CN01fv4Wd827OUs4WIvAd_!!2208065117787-0-alimamazszw.jpg,喜庆感,2,5,3,2,4
O1CN01BB2LT21RILfryDCmc_!!1818112088-0-alimamazszw.jpg,喜庆感,3,5,1,2,4
O1CN01gA4fAM1vXra4kQRXn_!!2200651406183-0-alimamazszw.jpg,时尚感,3,5,2,3,4
O1CN01Vv9dYh1t33iFdXilu_!!2207361805845-0-alimamazszw.jpg,科技感,3,5,4,3,5
O1CN01eyK3cM2C32OB8gBOp_!!2206737128417-0-alimamazszw.jpg,高端轻奢,4,5,3,3,5
O1CN015yZVaZ22ZQEgSmETf_!!2210826797134-0-alimamazszw.jpg,简约商务,4,5,5,3,5
O1CN01PME8TX1uFFrCz4PNG_!!2201298436007-0-alimamazszw.jpg,喜庆感,3,5,2,3,4
pexels-photo-5625043.jpeg,喜庆感,3,5,4,3,4
O1CN01wuVdHX1u2tBMUiy94_!!2943025980-0-alimamazszw.jpg,喜庆感,3,5,3,2,4
O1CN010COpxp29NEywAVAk0_!!2200558618055-2-alimamazszw.png,简约商务,3,5,5,3,5
O1CN018YWN272FuZXBdmS7A_!!2757128940-0-alimamazszw.jpg,简约商务,2,5,5,2,5
O1CN01HH02Ex1FLIp63dGVA_!!3394470470-0-alimamazszw.jpg,简约商务,3,5,2,3,5
O1CN01gFhI4d1ZQbkxUSQPT_!!1755473189-0-alimamazszw.jpg,高端轻奢,4,5,3,3,5
O1CN01DVFWsU27OUrx831Ca_!!2208065117787-0-alimamazszw.jpg,简约商务,3,5,4,3,5
O1CN01o2otZz2AXbasSPdmw_!!2207422988213-0-alimamazszw.jpg,简约商务,3,5,5,2,5
O1CN01tGIGtu1MiO6pREyIA_!!2208094431468-0-alimamazszw.jpg,简约商务,3,5,5,3,5
O1CN01GazAYz1oOWAANKk7d_!!2208059585215-0-alimamazszw.jpg,高端轻奢,4,5,4,3,5
O1CN01LlEzxD1KShIxiJA3a_!!3102721163-0-alimamazszw.jpg,高端轻奢,3,5,4,3,5
O1CN01z6YjBL2L5AlPoi7gz_!!2993929640-0-alimamazszw.jpg,高端轻奢,3,5,4,3,5
O1CN013mkKIF1oNbMwDkomh_!!2119015213-0-alimamazszw.jpg,简约商务,2,5,5,2,5
O1CN01qZ2vVi1zIzA2aZoCN_!!2207558206692-0-alimamazszw.jpg,高端轻奢,3,5,4,2,5
pexels-photo-15011028.jpeg,时尚感,3,5,2,3,4
O1CN01Qk5uC21QPqY8Krl1z_!!2209449671969-0-alimamazszw.jpg,简约商务,3,5,5,3,5
O1CN01JoBK3U27OUqm1itau_!!2208065117787-0-alimamazszw.jpg,高端轻奢,3,5,5,3,5
pexels-photo-18299830.jpeg,喜庆感,3,5,1,3,4
O1CN01b61Wql1raNIVDH7fb_!!1050505647-0-alimamazszw.jpg,高端轻奢,3,5,4,2,5
pexels-photo-7577873.jpeg,高端轻奢,4,5,4,3,5
O1CN01Zd9ddT1ewHEInRZeP_!!747323935-0-alimamazszw.jpg,时尚感,4,5,2,3,4
O1CN01UrHGNB1uPmzXHLbzR_!!2353236030-0-alimamazszw.jpg,高端轻奢,3,5,5,2,5
O1CN01DhEPlY1KxqF22Y0kg_!!384721231-0-alimamazszw.jpg,简约商务,3,5,5,3,5
O1CN01m2arhe1DlI5z9d9Xc_!!2200848330256-0-alimamazszw.jpg,简约商务,3,5,5,3,5
O1CN01a7RO4F1GH0l2oTjrU_!!2527890596-0-alimamazszw.jpg,科技感,4,5,2,3,5
O1CN01rmY4bE1UXrxr4FROp_!!369592528-0-alimamazszw.jpg,喜庆感,3,5,3,3,4
O1CN01drAsCd1fZCtkpzTY0_!!2207258274020-0-alimamazszw.jpg,高端轻奢,3,5,4,2,5
O1CN01ORhV7Z1dGJJppLTZC_!!2211475163708-0-alimamazszw.jpg,高端轻奢,2,5,5,2,5
O1CN014RBjpY1fJB12ncufU_!!481323985-0-alimamazszw.jpg,简约商务,2,5,5,2,5
O1CN013AQQJH2EIjBNLIguk_!!2901658722-0-alimamazszw.jpg,喜庆感,3,5,3,3,4
O1CN01YH1e4F1cPBMRgp39W_!!3160393592-0-alimamazszw.jpg,简约商务,3,5,3,2,5
O1CN01xQmYQn1QY5hGF6BX5_!!2867731987-0-alimamazszw.jpg,喜庆感,3,5,3,2,4
O1CN01QqcsIx1hOKhhhkjZE_!!555224267-0-alimamazszw.jpg,科技感,4,5,2,3,5
O1CN018H1ryr1sOISaXDq7R_!!3397585756-0-alimamazszw.jpg,科技感,3,5,3,3,5
O1CN01W5TNuB23ZFgqRz9cl_!!10217269-0-alimamazszw.jpg,喜庆感,3,5,2,2,4
O1CN01LoFRTU1cSqXzazDRG_!!73903600-0-alimamazszw.jpg,简约商务,3,5,4,2,5
O1CN01EK03V31UXrxNV174n_!!1639932528-0-alimamazszw.jpg,喜庆感,4,5,3,3,4
O1CN01nKYAgj295px4SpCWi_!!467108017-0-alimamacc.jpg,科技感,3,5,3,3,5
O1CN01g6cK9P1amsdNTM3RV_!!2514673373-0-alimamazszw.jpg,简约商务,2,5,4,2,5
O1CN01CPc4Zs1vQXELBGgH1_!!2613416167-0-alimamazszw.jpg,时尚感,3,5,2,2,4
O1CN01yOkhi41zFK0h51EOC_!!2830036684-0-alimamazszw.jpg,简约商务,3,5,5,2,5
pexels-photo-7213441.jpeg,科技感,3,5,2,3,5
O1CN01IoKEXf1kc1OutyGaY_!!4058484703-0-alimamazszw.jpg,科技感,3,5,3,2,5
O1CN01mx9wcX1Xqay3g9L0H_!!3091032975-0-alimamazszw.jpg,科技感,3,5,3,3,5
O1CN018JFGQz1uwlU59o3MU_!!3252796102-0-alimamazszw.jpg,高端轻奢,3,5,5,2,5
O1CN01t5AGn42DyZl5eExnu_!!3367528678-0-alimamazszw.jpg,高端轻奢,2,5,5,2,5
O1CN01Sgdb8s2MPc3UfIlV4_!!2209077239820-0-alimamazszw.jpg,科技感,3,5,2,3,5
O1CN012O60KP20qFYIyhh0s_!!2211341646900-0-alimamazszw.jpg,高端轻奢,3,5,5,2,5
O1CN01US5nDm1CqUxh1NTVk_!!372330132-0-alimamazszw.jpg,简约商务,3,5,4,2,5
O1CN01906ac21nrXfC1bNC3_!!920335143-0-alimamazszw.jpg,科技感,3,5,2,3,5
O1CN01rntXA6278Syf08nkJ_!!671207752-0-alimamazszw.jpg,简约商务,3,5,5,2,5
pexels-photo-7821463.jpeg,简约商务,3,5,5,2,5
O1CN01K07IKX1ixt4d8bdRR_!!871124480-0-alimamazszw.jpg,简约商务,3,5,3,3,5
O1CN01X4n9iy1OlFpjtbRXN_!!2206880681745-0-alimamazszw.jpg,简约商务,2,5,4,2,5
O1CN01OjV7sV1zKMMkLCXzW_!!1674296695-0-alimamazszw.jpg,简约商务,3,5,4,2,5
O1CN01Imq4Qu1TjUNdpMLEX_!!277552418-0-alimamazszw.jpg,喜庆感,3,5,2,2,4
O1CN0147C3qi22jUvtzb6he_!!2200736037156-0-alimamazszw.jpg,高端轻奢,3,5,5,2,5
O1CN01FuRySk1qefNcG6S6S_!!164745521-0-alimamazszw.jpg,简约商务,3,5,4,3,5
O1CN016hUQL41QnClaUTSSV_!!708652020-0-alimamazszw.jpg,简约商务,4,5,5,3,5
O1CN01QyebFY1SIB8vyLxq7_!!2208436732223-0-alimamazszw.jpg,高端轻奢,4,5,5,3,5
O1CN01zGuSq11znDJw8Wgjg_!!1084816758-0-alimamazszw.jpg,时尚感,3,5,2,3,4
O1CN011Ps2fo1IneBBSH8K0_!!1579940938-0-alimamazszw.jpg,简约商务,2,5,5,2,5
O1CN013khnOn2I6bAcposOH_!!3170599237-0-alimamazszw.jpg,喜庆感,4,5,3,4,4
O1CN01cXPWpP1eDOPn5Mqzk_!!1606343837-0-alimamazszw.jpg,高端轻奢,3,5,4,3,5
O1CN017IyG1b2Ce8TBStqBp_!!2210167968498-0-alimamazszw.jpg,简约商务,4,5,4,3,5
O1CN01GuWOgP1q3ZJQAve9R_!!2206373695440-0-alimamazszw.jpg,简约商务,4,5,5,3,5
O1CN01XYjPBV1C7cAetBvv6_!!2205819230034-0-alimamazszw.jpg,科技感,3,5,4,3,5
O1CN018g26ic2BA4rcBJ1vS_!!3838638297-0-alimamazszw.jpg,高端轻奢,3,5,5,2,5
O1CN01eDq7tZ1n5uU3DT89t_!!1097805039-0-alimamazszw.jpg,喜庆感,2,5,4,2,4
O1CN01Bpkfzw1UMQ3ppW1kj_!!3384882503-0-alimamazszw.jpg,简约商务,3,5,5,2,5
O1CN01I0SUPg1H5qjP5R1Qg_!!1639570707-0-alimamazszw.jpg,简约商务,2,5,5,2,5
O1CN01aseW8z2A9Kb46MwMi_!!2987018160-0-alimamazszw.jpg,高端轻奢,3,5,4,3,5
O1CN01RJzUbl1qJ8lBurTN3_!!2655095474-0-alimamazszw.jpg,简约商务,3,5,5,3,5
O1CN01DFvn9b1cSqXz6pHYM_!!73903600-0-alimamazszw.jpg,高端轻奢,3,5,4,3,5
O1CN01pISBRe1QVLIelweAM_!!875171981-0-alimamazszw.jpg,简约商务,2,5,5,2,5
O1CN01KmWogf1cLyaFECUEi_!!3826133585-0-alimamazszw.jpg,科技感,3,5,3,2,5
O1CN01Xn0rbZ1JZjnXdatQD_!!3320761043-0-alimamazszw.jpg,喜庆感,4,5,2,4,4
O1CN01aFkj5l1SUXqSzchNq_!!2206786562250-0-alimamazszw.jpg,喜庆感,3,5,4,2,4
O1CN01xZIES429zFtbjchMX_!!1714128138-0-alimamazszw.jpg,科技感,3,5,2,3,5
O1CN01CltzG02F2Wn9F3ERH_!!2207487198822-0-alimamazszw.jpg,高端轻奢,2,5,5,1,5
O1CN01eIvJsU1S3ysQ6kFIo_!!694092192-0-alimamazszw.jpg,简约商务,3,5,5,3,5
O1CN01KR4N5V2DxeyrXOTr7_!!3943518676-0-alimamazszw.jpg,喜庆感,3,5,4,2,4
O1CN01SuA6OE2BkiYN4h6WB_!!157158377-0-alimamazszw.jpg,简约商务,4,5,5,3,5
O1CN01chhH7O1ttjFrqaEsu_!!2862645960-0-alimamazszw.jpg,喜庆感,4,5,3,3,4
O1CN01YM6It21RFbJVcfRWo_!!925772082-0-alimamazszw.jpg,简约商务,2,5,5,2,5
O1CN01JcRwys1vQXF1HyyF0_!!2613416167-0-alimamazszw.jpg,高端轻奢,3,5,5,2,5
O1CN01JAxn721Ncir7PEMBP_!!2207661821591-0-alimamazszw.jpg,喜庆感,3,5,2,2,4
O1CN0193ws7J2C84kso1bTR_!!2209195418428-0-alimamazszw.jpg,科技感,3,5,3,2,5
O1CN01hmUFCs1ZdQqgcmlcz_!!3089403217-0-alimamazszw.jpg,高端轻奢,2,5,4,2,5
O1CN01CJASiT1EK6COG9hg9_!!2207964310332-0-alimamazszw.jpg,简约商务,2,5,5,2,5
O1CN01WBOm7v1kB02BxiGK9_!!645314644-0-alimamazszw.jpg,高端轻奢,3,5,4,3,5
O1CN01FHZIOx1ewHCAxb6Ya_!!747323935-0-alimamazszw.jpg,简约商务,4,5,5,3,5
O1CN01h9TNdG1Gy3ydlNL7S_!!1794440690-0-alimamazszw.jpg,科技感,3,5,3,3,5
O1CN01QzEsaI1qhPkRw0XS9_!!2387805527-0-alimamazszw.jpg,高端轻奢,4,5,4,3,5
O1CN01KavYbe1zqsUlE9xSj_!!2206731016766-0-alimamazszw.jpg,喜庆感,3,5,1,2,4
O1CN01lGFefH1V78SXpKmFR_!!3423072605-0-alimamazszw.jpg,科技感,3,5,2,2,5
O1CN01yNBeN71WoTY9iJ96u_!!4164012835-0-alimamazszw.jpg,高端轻奢,3,5,4,3,5
O1CN01YbgjRE1InBoEXopsI_!!1019100937-0-alimamazszw.jpg,简约商务,3,5,4,3,5
O1CN01JbTfva1YfQy7mE90u_!!828233086-0-alimamazszw.jpg,简约商务,3,5,5,3,5
O1CN016b62WF29djHQGQq7l_!!2424298091-0-alimamazszw.jpg,简约商务,3,5,5,3,5
O1CN01Q67DVQ1kJFAnuOdZb_!!3306904662-0-alimamazszw.jpg,简约商务,4,5,5,3,5
O1CN0171ECru1P7Eqi17dmc_!!844551793-0-alimamacc.jpg,喜庆感,3,5,3,3,4
O1CN01mb21HK1aD9i8rxkN7_!!2107773295-0-alimamazszw.jpg,科技感,3,5,3,3,5
O1CN01SolDPE1kG2OHWZ6Po_!!2425744655-0-alimamazszw.jpg,高端轻奢,3,5,4,3,5
O1CN01puodre1F8wAl3UVjc_!!401420443-0-alimamazszw.jpg,高端轻奢,3,5,4,2,5
O1CN01TjlMai22OQjD2PB8O_!!1864767110-0-alimamazszw.jpg,简约商务,4,5,5,3,5
O1CN01uDXyIh1hB3EFaGB5S_!!1901574238-0-alimamazszw.jpg,简约商务,4,5,4,3,5
O1CN01xBNwi41kpItB5qPev_!!2208016754732-0-alimamazszw.jpg,喜庆感,3,5,3,2,4
O1CN01cVA7zb1GDnzKOk2Mi_!!2453720589-0-alimamazszw.jpg,简约商务,2,5,5,2,5
O1CN01N5JK9R1T4GkHh3tj1_!!473782328-0-alimamazszw.jpg,简约商务,3,5,4,3,5
O1CN01W8agwH25aHpZlvlQk_!!1731307542-0-alimamazszw.jpg,高端轻奢,2,5,5,2,5
pexels-photo-15713708.jpeg,高端轻奢,3,5,4,3,5
O1CN01z0fjBx1kLX8fxkeq5_!!2529024667-0-alimamazszw.jpg,科技感,2,5,2,2,5
O1CN01laxI8p1eTQGhmwFDN_!!839123872-0-alimamazszw.jpg,高端轻奢,3,5,4,2,5
pexels-photo-7987755.jpeg,喜庆感,2,5,5,2,4
O1CN0175M9Wf1y7hoSgtXtx_!!3892436532-0-alimamazszw.jpg,喜庆感,3,5,3,3,4
O1CN01RWx8RK27gMJdEhaWg_!!2200528487826-0-alimamazszw.jpg,喜庆感,3,5,2,3,4
O1CN01RM1pZO28nyVGuEIuH_!!1066177978-0-alimamazszw.jpg,高端轻奢,3,5,5,2,5
O1CN01717GmY1uDQI7Kef4B_!!2200745706003-0-alimamazszw.jpg,喜庆感,3,5,4,2,4
pexels-photo-7986990.jpeg,喜庆感,2,5,2,2,4
O1CN01lUsgI22LUowkYkoxF_!!2206835549696-0-alimamazszw.jpg,科技感,4,5,2,3,5
O1CN01XijYBc1NPRMubC7tH_!!845001562-0-alimamazszw.jpg,高端轻奢,3,5,5,2,5
O1CN01ytKP2C2JRUqBAGRC3_!!2201404549418-0-alimamazszw.jpg,高端轻奢,3,5,4,3,5
O1CN01pWbhrg1mLC5hs3tJW_!!2210728384937-0-alimamazszw.jpg,喜庆感,3,5,2,3,4
O1CN01DjwuKq1Mb3nssy76c_!!3779591452-0-alimamazszw.jpg,喜庆感,3,5,3,2,4
O1CN014aMhTt2CLodk2XyEl_!!2058238458-0-alimamazszw.jpg,喜庆感,3,5,3,2,4
O1CN01fGRTS51bVlRzLh2Ru_!!2208826563471-0-alimamazszw.jpg,高端轻奢,3,5,5,2,5
O1CN018YbPQI1Mx2lrNa5cV_!!2204160741500-0-alimamazszw.jpg,科技感,3,5,3,3,5
O1CN01DZ81ha1oWIvjwAVwB_!!2207697805232-0-alimamazszw.jpg,高端轻奢,2,5,4,2,5
O1CN01bVWZ851qv9dxRktVK_!!2210414615557-0-alimamazszw.jpg,高端轻奢,2,5,5,2,5
O1CN01cXeIHW1jD07eybSoy_!!2208196054513-0-alimamazszw.jpg,高端轻奢,2,5,5,2,5
O1CN01W4B2FI1JOkJ3xixrc_!!3375641019-0-alimamazszw.jpg,高端轻奢,3,5,4,3,5
O1CN01gvmlyA1OUlaM2nc3M_!!353571709-0-alimamazszw.jpg,科技感,3,5,3,3,5
O1CN01pm5NyW1ueu3JKj7KG_!!2871416063-0-alimamazszw.jpg,喜庆感,3,5,2,3,4
O1CN01nEBmO21CqUzZk2i4f_!!372330132-0-alimamazszw.jpg,喜庆感,3,5,3,2,4
O1CN01VDF3iP1WkoN3S36EG_!!2064892827-0-alimamazszw.jpg,简约商务,3,5,5,2,5
O1CN01dDfWxy2Gt1ojYAy8K_!!2200724779072-0-alimamazszw.jpg,科技感,3,5,3,3,5
O1CN01MqN3zu1szOXn6m48k_!!859385837-0-alimamazszw.jpg,喜庆感,3,5,4,3,4
O1CN0138mA0Z1flZaGhLIK1_!!1653734047-0-alimamazszw.jpg,简约商务,3,5,5,2,5
O1CN012ZjOxP1XFxJrdh0gG_!!73242895-0-alimamazszw.jpg,高端轻奢,3,5,5,2,5
O1CN01pC1luW21lV482G2ZG_!!1779327025-0-alimamazszw.jpg,时尚感,4,5,2,3,4
O1CN01EW8MvN25ElCZ5s6yi_!!3926187495-0-alimamazszw.jpg,高端轻奢,3,5,4,2,5
O1CN01d1tpsQ2GVDE9pSotz_!!898199020-0-alimamazszw.jpg,喜庆感,3,5,3,2,4
O1CN017rcfJu1FLIrPLaO78_!!3394470470-0-alimamazszw.jpg,喜庆感,3,5,2,3,4
pexels-photo-11556402.jpeg,复古国风,3,5,3,3,3
O1CN01s2P9V71RILfsTBBWm_!!1818112088-0-alimamazszw.jpg,喜庆感,3,5,1,2,4
O1CN01q8jOpR1mbgKLOwoOY_!!3169824973-0-alimamazszw.jpg,喜庆感,3,5,1,3,4
O1CN01pNgXjO1VyGPNvaLR5_!!3479102721-0-alimamazszw.jpg,喜庆感,2,5,5,2,4
O1CN01VOgTbq24tgy0HgUOv_!!2207482517449-0-alimamazszw.jpg,科技感,3,5,3,3,5
O1CN01CrChcf2CLod0ob8bx_!!2200766088458-0-alimamazszw.jpg,高端轻奢,4,5,5,3,5
O1CN01lw0xGt25Nv9AFaXxP_!!2067077515-0-alimamazszw.jpg,科技感,3,5,3,3,5
O1CN01sbGFYs1wkW6ucANZo_!!3434146346-0-alimamazszw.jpg,简约商务,4,5,5,3,5
O1CN01i05Zwd28VegN2Rl3y_!!254657938-0-alimamazszw.jpg,科技感,3,5,3,3,5
pexels-photo-7577796.jpeg,时尚感,3,5,4,2,4
e2c92a6a-4796-4ee2-a3af-ecccacd5c0ee.jpg,科技感,3,5,3,3,5
O1CN01RFOBkI2C6hXPYCaOR_!!1733158425-0-alimamazszw.jpg,科技感,3,5,2,2,5
O1CN01pvPXUB2BW3sxhUudC_!!2217148345-0-alimamazszw.jpg,简约商务,4,5,5,3,5
O1CN01mNriJk1k7nGPONAq4_!!2212403454637-0-alimamazszw.jpg,高端轻奢,3,5,5,3,5
pexels-photo-14828575.jpeg,简约商务,4,5,5,3,5
O1CN01Fs7AAR1lDZsuqVhBY_!!2429534785-0-alimamazszw.jpg,高端轻奢,2,5,5,2,5
O1CN01bIZTmS1NEuG6LJ6bL_!!2211403941539-0-alimamazszw.jpg,喜庆感,4,5,3,3,4
O1CN01pWQlhl1HrTtyQf4S3_!!3372630811-0-alimamazszw.jpg,科技感,3,5,2,3,5
O1CN01dIeb0i2BxXdGCJsq4_!!1047368405-0-alimamazszw.jpg,科技感,2,5,2,2,5
O1CN01xNU9lC22jUx06RYWm_!!2200736037156-0-alimamazszw.jpg,简约商务,2,5,5,2,5
O1CN01s8eNig1YfQx4zENqB_!!828233086-0-alimamazszw.jpg,简约商务,3,5,5,3,5
O1CN01FBtZP11flZa9wCIjV_!!1653734047-0-alimamazszw.jpg,简约商务,3,5,5,2,5
O1CN01tN5M3Z1h4dgp6EFs8_!!2208603694224-0-alimamazszw.jpg,高端轻奢,4,5,5,3,5
O1CN01mMMkLw1GbAAXJ44Gs_!!2200778950640-0-alimamazszw.jpg,喜庆感,4,5,3,3,4
O1CN01yFXwaZ1PP6IdPThor_!!3189351832-0-alimamazszw.jpg,简约商务,3,5,5,3,5
O1CN01txP9ax1ktQQWdNuS3_!!1898854741-0-alimamazszw.jpg,简约商务,3,5,5,2,5
O1CN01P0jg7t1KUzIRrBY9X_!!2653951168-0-alimamazszw.jpg,高端轻奢,3,5,4,2,5
O1CN01ZAY8Em1Jx5v8hgpM7_!!89321094-0-alimamazszw.jpg,高端轻奢,3,5,5,3,5
O1CN01A9CpjW1nrXe2liAdJ_!!920335143-0-alimamazszw.jpg,简约商务,3,5,4,3,5
O1CN01dyAD2N1amsdJNqjqB_!!2514673373-0-alimamazszw.jpg,简约商务,2,5,4,2,5
O1CN0149QUko22yc0DTsplH_!!1940717189-0-alimamacc.jpg,高端轻奢,3,5,4,3,5
O1CN01JDD6Hi1FLlGLNFY03_!!2428780471-0-alimamazszw.jpg,简约商务,3,5,4,3,5
O1CN01opsVPV1EpF8MOu3Oh_!!4008340400-0-alimamazszw.jpg,简约商务,3,5,3,3,5
O1CN01UQzWQg1DX5o3twMmJ_!!3876770225-0-alimamazszw.jpg,简约商务,3,5,4,3,5
O1CN01l72AtM1taUcYYNQvf_!!1832335918-0-alimamazszw.jpg,高端轻奢,3,5,5,3,5
O1CN01KEiOpX1EbVFP471Bx_!!2211524850370-0-alimamazszw.jpg,科技感,3,5,4,3,5
O1CN01EiRGEL1tXkFDDU4WK_!!2210163095912-0-alimamazszw.jpg,科技感,3,5,4,2,5
O1CN012ORXUy1XyNk2whJ97_!!2200968962992-0-alimamazszw.jpg,时尚感,5,5,2,4,4
O1CN01nPtRwD1owPVJNvPYF_!!907965289-0-alimamazszw.jpg,高端轻奢,3,5,4,3,5
O1CN01eESwsL1OxcWWjAXGk_!!2211610791772-0-alimamazszw.jpg,高端轻奢,3,5,4,3,5
O1CN01QYzhEx1a6Ho9ZHvus_!!731633280-0-alimamazszw.jpg,简约商务,2,5,5,2,5
O1CN01YhWZtw1S0m50mn0Kw_!!2681312185-0-alimamazszw.jpg,高端轻奢,4,5,4,3,5
O1CN01ObnK4V1IBAwLDlzxF_!!916450854-0-alimamazszw.jpg,高端轻奢,3,5,3,3,5
O1CN01Zuqmyw1pIqu4kUpf6_!!2209003405338-0-alimamazszw.jpg,高端轻奢,3,5,4,2,5
O1CN01x8nIYd27OUsKoCtoE_!!2208065117787-0-alimamazszw.jpg,简约商务,3,5,4,2,5
O1CN01pXAYhK1wJ2M5OjFSK_!!263726286-0-alimamazszw.jpg,高端轻奢,3,5,5,3,5
O1CN01BrvoEs1qnMtaNOnUc_!!1761495540-0-alimamazszw.jpg,简约商务,3,5,3,3,5
O1CN01ZttH7J1XFUuVYU10m_!!874842894-0-alimamazszw.jpg,高端轻奢,3,5,4,2,5
O1CN01nJMwXy2BbYc6qSQAo_!!2209679988357-0-alimamazszw.jpg,高端轻奢,2,5,5,2,5
O1CN01qhQIoI2C27b6Ewlbn_!!2201499578415-0-alimamazszw.jpg,科技感,3,5,2,2,5
O1CN01Ns2u4A1V6g3vzCAGZ_!!185592604-0-alimamazszw.jpg,喜庆感,3,5,2,3,4
O1CN01Won0dB1FAljUNEdKU_!!2455150447-0-alimamazszw.jpg,高端轻奢,3,5,3,3,5
O1CN01JLo1Sw1D59e6z4Wiw_!!2206640740164-0-alimamazszw.jpg,简约商务,2,5,5,1,5
O1CN01KW5U2u23c04YWtzKG_!!2128867275-0-alimamazszw.jpg,简约商务,3,5,5,2,5
O1CN01QhKXaw1x7Pwqlqv2w_!!2209106466396-0-alimamazszw.jpg,简约商务,4,5,5,3,5
O1CN01m4GSms2EsuTqtaIaK_!!1705728801-0-alimamazszw.jpg,简约商务,3,5,5,3,5
O1CN01DHYJAx1x7PuydN1w7_!!2208645556396-0-alimamacc.jpg,高端轻奢,3,5,5,2,5
O1CN01PyJY7J1wwQR6vXsww_!!1908116372-0-alimamazszw.jpg,高端轻奢,2,5,4,2,5
pexels-photo-7233351.jpeg,时尚感,2,5,4,2,4
O1CN01fYnXDB1qsrf6sDU83_!!3106395552-0-alimamazszw.jpg,喜庆感,2,5,4,2,4
O1CN018DpVpH2K6G6iFQXIe_!!2207109319507-0-alimamazszw.jpg,高端轻奢,3,5,4,3,5
O1CN01pboFKK1uADWEkIm6Z_!!839895996-0-alimamazszw.jpg,高端轻奢,3,5,5,3,5
O1CN01Ch3Tzk1cSqXhLCzIb_!!73903600-0-alimamazszw.jpg,简约商务,3,5,5,2,5
O1CN01pddmNO1qok6UHvuym_!!2212381615543-0-alimamazszw.jpg,简约商务,3,5,3,3,5
O1CN01bTtszV29l3bnHXK6e_!!2212006868107-0-alimamazszw.jpg,喜庆感,3,5,4,3,4
O1CN01yxPJsg1RCOY9JqZ76_!!3569472075-0-alimamazszw.jpg,简约商务,3,5,5,3,5
O1CN01D7Wwb31UKaTo4rTjp_!!4099872499-0-alimamazszw.jpg,高端轻奢,3,5,5,3,5
O1CN01VTzonB1rwMIHdSKFr_!!2207661715695-0-alimamazszw.jpg,喜庆感,4,5,3,4,4
O1CN019nr8nU1NRGviaym9F_!!3698391566-0-alimamazszw.jpg,高端轻奢,2,5,5,2,5
O1CN0185AJDh25PIJCiJVsm_!!2200700507518-0-alimamazszw.jpg,喜庆感,3,5,2,2,4
O1CN01nAVww71oWIvmwii6W_!!2207697805232-0-alimamazszw.jpg,高端轻奢,4,5,4,3,5
O1CN01fwmVHr218ZOfWDpj4_!!2200611286940-0-alimamazszw.jpg,简约商务,3,5,5,2,5
O1CN01vzt5xX1jGfKMulqqy_!!2209646494521-0-alimamazszw.jpg,简约商务,4,5,5,3,5
O1CN013LF6V422zzDZtWpJv_!!2830087192-0-alimamazszw.jpg,高端轻奢,3,5,4,3,5
O1CN01vcW1Kc1edUyrRrYWJ_!!2104833894-0-alimamazszw.jpg,喜庆感,4,5,4,3,4
O1CN013htgzU1GH0l6oMUx4_!!2527890596-0-alimamazszw.jpg,简约商务,3,5,5,3,5
O1CN01t89o6l1D3mTSYv3VE_!!1706950161-0-alimamazszw.jpg,简约商务,2,5,4,2,5
O1CN01eVgHNV1tJXyhCSoe5_!!745475881-0-alimamazszw.jpg,喜庆感,3,5,3,3,4
O1CN01Wikojs1gRFcnZ3fjW_!!18034138-0-alimamazszw.jpg,时尚感,4,5,2,3,4
O1CN01oRC5he2JKcv8FI7Sh_!!2374579403-0-alimamazszw.jpg,简约商务,4,5,5,4,5
O1CN01CLwWSK1SMIiCq4CgQ_!!761942232-0-alimamazszw.jpg,高端轻奢,2,5,5,2,5
O1CN01Agk12s1gnEeDB14xH_!!2209106994186-0-alimamazszw.jpg,时尚感,3,5,2,2,4
pexels-photo-6898805.jpeg,高端轻奢,3,5,4,3,5
pexels-photo-23884649.jpeg,时尚感,2,5,4,2,4
O1CN01QeO8bK1malY9eXknY_!!2209078114971-0-alimamazszw.jpg,高端轻奢,3,5,5,3,5
O1CN01TJXqk822NVwqwbZDo_!!2200844337108-0-alimamazszw.jpg,简约商务,4,5,5,3,5
O1CN01gxctwj1oHeEUUxL5n_!!2208781965200-0-alimamazszw.jpg,简约商务,3,5,4,2,5
O1CN01iqlUKa1Ilodd98HV1_!!2200615310934-0-alimamazszw.jpg,喜庆感,3,5,3,2,4
O1CN01iDqPNV1V5Is82Dpgv_!!4087362601-0-alimamazszw.jpg,简约商务,3,5,4,2,5
O1CN01c4zSU523lcOu9dgeV_!!4047737296-0-alimamazszw.jpg,高端轻奢,4,5,5,3,5
O1CN01c4AHM71wSCHUpO21M_!!3891186306-0-alimamazszw.jpg,高端轻奢,1,5,5,1,5
O1CN01HgMaMN2NYbT4bYheD_!!2068129975-0-alimamazszw.jpg,高端轻奢,4,5,5,3,5
O1CN01tgkC6i1n7k4ABndY6_!!2920895043-0-alimamazszw.jpg,高端轻奢,3,5,5,2,5
O1CN01TTXpM61QvuGLUoT1q_!!2209639262039-0-alimamazszw.jpg,简约商务,2,5,5,2,5
O1CN017cku7620F9ShPN2Vn_!!1754896819-0-alimamazszw.jpg,简约商务,2,5,5,2,5
O1CN01Thi1YN1YsG3Z3CqpP_!!2989413114-0-alimamazszw.jpg,高端轻奢,3,5,5,3,5
O1CN01lHWoQu1cVau05nW3V_!!675393606-0-alimamazszw.jpg,喜庆感,3,5,2,3,4
O1CN01446lv42D12HPYUDpl_!!1573418548-0-alimamazszw.jpg,简约商务,2,5,3,2,5
O1CN01AOkCKy1cSqY8nbyXi_!!73903600-0-alimamazszw.jpg,高端轻奢,3,5,4,2,5
O1CN01V09teS1D4ErH8GtFJ_!!637060162-0-alimamazszw.jpg,简约商务,3,5,4,3,5
O1CN01uS7pKg1D2rfEUC8fD_!!2907650159-0-alimamazszw.jpg,科技感,3,5,2,2,5
O1CN01cUx1rd1FMDeB69MYd_!!1856110472-0-alimamazszw.jpg,简约商务,3,5,5,3,5
O1CN01BF0zhB2DKjJPQg4zs_!!3319438591-0-alimamazszw.jpg,简约商务,4,5,5,3,5
pexels-photo-7996300.jpeg,科技感,3,5,2,3,5
O1CN01JHegVq296klStlegz_!!3159868019-0-alimamazszw.jpg,简约商务,2,5,4,2,5
O1CN018L5DHc1lP1mX8qRE6_!!3363694810-0-alimamazszw.jpg,喜庆感,4,5,2,3,4
O1CN01foVYuf1tijkN4JzOl_!!3680695936-0-alimamazszw.jpg,科技感,2,5,2,2,5
O1CN01fOggoX1Kk6OJOIhSU_!!765321201-0-alimamazszw.jpg,高端轻奢,4,5,4,3,5
O1CN01KLKw5z1iUZivUYNg4_!!754414416-0-alimamazszw.jpg,高端轻奢,3,5,4,3,5
O1CN01JkLdQP2LtYM47EFQz_!!4207869750-0-alimamazszw.jpg,喜庆感,4,5,4,3,4
O1CN01DPfaFD1hH0OC7JqjE_!!2206479404251-0-alimamazszw.jpg,简约商务,2,5,5,2,5
O1CN01N64wDj1Omd1jpEQQY_!!775131748-0-alimamazszw.jpg,喜庆感,4,5,2,3,4
O1CN0101T9V71tAqQUOvGCC_!!12465862-0-alimamazszw.jpg,科技感,3,5,3,3,5
O1CN01T2jd3q28G5DTIdijW_!!1840847904-0-alimamazszw.jpg,高端轻奢,3,5,4,3,5
O1CN01yKQZbc1Ca0j4Sd4EA_!!2014110096-0-alimamazszw.jpg,简约商务,2,5,5,2,5
O1CN01FC5F8A24YcmlgyqFc_!!2003267403-0-alimamazszw.jpg,喜庆感,4,5,2,3,4
O1CN01y6QNj91oPQzK7HiZI_!!3817485217-0-alimamazszw.jpg,高端轻奢,3,5,5,2,5
O1CN012l902T1EdnCesiktF_!!3285660375-0-alimamazszw.jpg,简约商务,3,5,5,2,5
O1CN01CmDJAl1MLwhVbikgT_!!2211090461419-0-alimamazszw.jpg,高端轻奢,3,5,5,2,5
O1CN01dUxnUb1edUzRBLGsw_!!654483894-0-alimamazszw.jpg,简约商务,3,5,4,2,5
O1CN01t3IEF81QY5gUw7xKT_!!3017251987-0-alimamazszw.jpg,简约商务,2,5,5,2,5
O1CN01kyEvbz1mpQCvNrK5O_!!2201547565003-0-alimamazszw.jpg,简约商务,4,5,5,3,5
O1CN01mJjXjW1QQIxdKccEu_!!2201228591970-0-alimamazszw.jpg,简约商务,3,5,5,3,5
O1CN01wSGD3q1yol2gotlYu_!!3323436626-0-alimamacc.jpg,高端轻奢,3,5,4,3,5
pexels-photo-31687152.jpeg,高端轻奢,3,5,3,2,5
O1CN01D3jMMw278T0Oc4KbE_!!671207752-0-alimamazszw.jpg,简约商务,4,5,5,3,5
O1CN01nh62Q11YsG3dM7oPt_!!2989413114-0-alimamazszw.jpg,高端轻奢,2,5,5,2,5
O1CN01nBQkWC2FHBSSqbd6e_!!2208170228854-0-alimamazszw.jpg,高端轻奢,4,5,3,3,5
O1CN01sEtES02K6iT1K51kL_!!1639199508-0-alimamazszw.jpg,时尚感,3,5,2,2,4
O1CN01IPDcur1kQZUe5Jx3n_!!2208460664678-0-alimamazszw.jpg,高端轻奢,3,5,4,3,5
O1CN017DPhZ91u2tB44zV5d_!!2943025980-0-alimamazszw.jpg,喜庆感,2,5,2,2,4
O1CN01gny3br1flZa95WtCC_!!1653734047-0-alimamazszw.jpg,简约商务,3,5,5,3,5
pexels-photo-33928036.jpeg,复古国风,2,5,3,2,3
O1CN012qinii2KVuHBiDhZ5_!!2672389563-0-alimamacc.jpg,喜庆感,3,5,2,3,4
pexels-photo-36950633.jpeg,科技感,3,5,3,3,5
pexels-photo-8386437.jpeg,科技感,2,5,4,2,5
O1CN01PsFIQb1CEwUxQCRrF_!!1626750050-0-alimamazszw.jpg,简约商务,3,5,4,3,5
O1CN01s9qP2n1j20dClaZG8_!!4256204489-0-alimamazszw.jpg,喜庆感,3,5,3,3,4
O1CN01wTrAeD20X0vUmy5h1_!!2212359976858-0-alimamazszw.jpg,高端轻奢,2,5,4,2,5
O1CN01iwOFjF1QTVivbCcXm_!!69161977-0-alimamazszw.jpg,高端轻奢,2,5,5,2,5
O1CN018NFONB20JjRt1friw_!!1077716829-0-alimamazszw.jpg,科技感,3,5,3,2,5
O1CN013ejA9v1Qrmj2YnLkP_!!2548622030-0-alimamazszw.jpg,喜庆感,4,5,2,3,4
O1CN01iFRYYx1JwBC6or3NU_!!2210925091092-0-alimamazszw.jpg,卡通童趣,3,5,2,3,3
O1CN01uOjksB2Hk9k4tAmYl_!!2210111999188-0-alimamazszw.jpg,喜庆感,3,5,3,3,4
O1CN010XvbRa1iNFP0XDqOC_!!2200676434400-0-alimamazszw.jpg,高端轻奢,3,5,5,3,5
O1CN01Y9be8i2AhgHbun55L_!!1954228235-0-alimamazszw.jpg,科技感,3,5,2,3,5
O1CN01v4YnVR1ktsqzt74AL_!!2207358874742-0-alimamazszw.jpg,喜庆感,3,5,1,3,4
O1CN01aFiMd01DmfGvgLzY4_!!2208673910259-0-alimamazszw.jpg,高端轻奢,2,5,4,2,5
O1CN01S5d0mF1bVlS60Stk0_!!2208826563471-0-alimamazszw.jpg,高端轻奢,3,5,4,2,5
O1CN01tbMIax29Xm6kE3mtG_!!2786278078-0-alimamazszw.jpg,高端轻奢,4,5,4,3,5
pexels-photo-31041716.jpeg,高端轻奢,3,5,2,3,5
O1CN013JvGqb1ihrDYSh1Ma_!!2208364445-0-alimamazszw.jpg,喜庆感,4,5,4,3,4
O1CN01nYAwTo2DQE1faM53a_!!2643088603-0-alimamazszw.jpg,简约商务,3,5,5,3,5
O1CN01UqF2kZ1ME9zq509HR_!!3885161402-0-alimamazszw.jpg,喜庆感,3,5,4,3,4
O1CN01QPOCsh2MBsBQRb2uI_!!3896449790-0-alimamazszw.jpg,科技感,3,5,3,3,5
O1CN01PqUPHc1wSCHU65I7O_!!3891186306-0-alimamazszw.jpg,高端轻奢,2,5,5,2,5
O1CN01zM5vQV1uDsh1sg9kt_!!2206595476004-0-alimamazszw.jpg,简约商务,3,5,4,2,5
O1CN01AEs3YD1jFI8knEFZH_!!2211287764518-0-alimamazszw.jpg,简约商务,3,5,4,3,5
O1CN01Gl8Pzz1qARFdrwn4A_!!2208657215455-0-alimamazszw.jpg,简约商务,3,5,5,2,5
O1CN01InW0rc1LhdsNGQons_!!2900371331-0-alimamazszw.jpg,喜庆感,3,5,4,3,4
O1CN01HqMs2Q2Dqn0xBINNm_!!321398661-0-alimamazszw.jpg,高端轻奢,3,5,5,3,5
O1CN01uccR9i1giCGWx6jpy_!!2208053004175-0-alimamazszw.jpg,喜庆感,4,5,2,3,4
O1CN019kh2Mc27Qmr5HwFM8_!!77527792-0-alimamazszw.jpg,简约商务,3,5,5,3,5
O1CN01jkbDut24mp3v38vTV_!!587517434-0-alimamazszw.jpg,简约商务,3,5,4,3,5
O1CN01H6HdwU27WjzXp6fQQ_!!2240227805-0-alimamazszw.jpg,简约商务,4,5,5,3,5
O1CN016iwJfE26OfNh2zijI_!!2210644107652-0-alimamazszw.jpg,高端轻奢,3,5,5,2,5
O1CN012SSXQu1afYHOUou87_!!828813357-0-alimamazszw.jpg,科技感,3,5,4,2,5
pexels-photo-10880533.jpeg,科技感,2,5,3,2,5
O1CN01n8nfFG1PF1ZSy85jV_!!4037041810-0-alimamazszw.jpg,高端轻奢,4,5,4,3,5
O1CN01GyK7Wi1ru4JJuZUvM_!!4199185690-0-alimamazszw.jpg,简约商务,4,5,5,3,5
O1CN01A18vjH2AXba8s0csh_!!1645598213-0-alimamazszw.jpg,高端轻奢,2,5,5,2,5
O1CN01r11LVS1NPRLXUBpOT_!!845001562-0-alimamazszw.jpg,高端轻奢,4,5,4,3,5
O1CN01IYhAb91F81MfG6TRh_!!2122400441-0-alimamazszw.jpg,简约商务,3,5,4,3,5
O1CN01LMqguT1QTViAfWkXA_!!1665051977-0-alimamazszw.jpg,科技感,3,5,3,3,5
O1CN01H27wMi1oPQzSXBNtG_!!3817485217-0-alimamazszw.jpg,高端轻奢,3,5,5,3,5
O1CN01xD13611M6peKN6nPA_!!2209306391386-0-alimamazszw.jpg,喜庆感,2,5,2,2,4
O1CN01eQrmGY25Nv8pq5WCo_!!2067077515-0-alimamazszw.jpg,简约商务,3,5,5,2,5
O1CN01GnzhKZ295pxA2NDz6_!!2208827738017-0-alimamazszw.jpg,简约商务,4,5,5,3,5
pexels-photo-7109162.jpeg,科技感,3,5,2,3,5
O1CN01g08w8i1CwuWh5bp3T_!!2207959120146-0-alimamazszw.jpg,简约商务,3,5,4,3,5
O1CN01uInBgB1NWJJ6bvto5_!!834951577-0-alimamazszw.jpg,喜庆感,3,5,2,3,4
O1CN01Hi7Wn52HmRk2lSX8C_!!468369193-0-alimamazszw.jpg,科技感,3,5,3,3,5
O1CN01cefVdu2DC1mA7d2BF_!!2206664678572-0-alimamazszw.jpg,高端轻奢,3,5,4,2,5
O1CN018QSogW1uEL5csDMdq_!!2211777046005-0-alimamazszw.jpg,卡通童趣,4,5,3,3,3
O1CN012Rf6LE25GaoOO8CxB_!!533497499-0-alimamazszw.jpg,科技感,3,5,4,3,5
O1CN01ld9xwG1lqxvSULmzX_!!2207531124871-0-alimamazszw.jpg,科技感,3,5,3,2,5
O1CN01cnLRLd1EdnCYl4Qom_!!3285660375-0-alimamazszw.jpg,简约商务,3,5,5,2,5
O1CN019Mabur1mWdzBSAyC1_!!4245404962-0-alimamazszw.jpg,高端轻奢,3,5,4,3,5
O1CN013NmrbH2FkUp5PQpCh_!!2202666378918-0-alimamazszw.jpg,时尚感,3,5,2,3,4
O1CN01m6tZFl1MDFCUOAzOe_!!445381400-0-alimamazszw.jpg,科技感,3,5,3,2,5
O1CN01B24m0i1YfQwncUbhK_!!828233086-0-alimamazszw.jpg,简约商务,4,5,4,3,5
O1CN01TTYtOO1N3ukSFamcy_!!276811515-0-alimamazszw.jpg,简约商务,4,5,5,3,5
O1CN01W82GhC25yYo6oTVds_!!746127595-0-alimamazszw.jpg,喜庆感,4,5,2,3,4
pexels-photo-3905875.jpeg,喜庆感,3,5,2,3,4
O1CN01ijED432DDOy94x1eO_!!2210940168575-0-alimamazszw.jpg,简约商务,3,5,4,2,5
pexels-photo-34165094.png,时尚感,2,5,3,2,4
pexels-photo-8728244.jpeg,科技感,3,5,4,3,5
O1CN014RKTtc1JSrqRUCqIL_!!467221028-0-alimamazszw.jpg,科技感,3,5,4,3,5
O1CN01k4nu6Q1PlXgqw75Ae_!!679441881-0-alimamazszw.jpg,简约商务,5,5,5,4,5
O1CN01Q0kfG11qJ8mCtRNR3_!!2655095474-0-alimamazszw.jpg,简约商务,3,5,5,3,5
O1CN01sAoWvp1bJOl4NS5Ei_!!2967843444-0-alimamazszw.jpg,高端轻奢,2,5,4,2,5
O1CN01iPYPtY1Nv2hDHiHD8_!!786621631-0-alimamazszw.jpg,喜庆感,3,5,3,2,4
O1CN01SUoXP71EzmFbKfeM9_!!2930200423-0-alimamazszw.jpg,科技感,3,5,2,3,5
O1CN01tVDWFS1vQXE9FygiI_!!2613416167-0-alimamazszw.jpg,简约商务,3,5,5,2,5
O1CN01kGSMqL1uRA9NcN0nQ_!!2208069116033-0-alimamazszw.jpg,时尚感,2,5,2,2,4
O1CN01UvsPTK1wkW8ZwleKR_!!3434146346-0-alimamazszw.jpg,高端轻奢,3,5,4,2,5
O1CN01KvHVUJ2D5cDZuUFUa_!!3020838558-0-alimamazszw.jpg,高端轻奢,3,5,4,3,5
O1CN01kVm7iy2E2Ew66gxnl_!!1026548686-0-alimamazszw.jpg,科技感,3,5,3,3,5
O1CN01JyCnuQ2Ca0uqDBmgu_!!2183118489-0-alimamazszw.jpg,简约商务,3,5,4,3,5
O1CN013JEHh11Kfyoq965FC_!!2201197361192-0-alimamazszw.jpg,简约商务,2,5,5,2,5
O1CN01GYXuEA2EdL15q52O6_!!2208110838767-0-alimamazszw.jpg,高端轻奢,3,5,4,3,5
O1CN01IJw2ZT1ZlDaqifhYs_!!1059643234-0-alimamazszw.jpg,高端轻奢,3,5,5,3,5
O1CN015V2EiC1HimNRcAO8M_!!570110792-0-alimamazszw.jpg,科技感,2,5,2,2,5
O1CN01cwTVsa2JpJQxgPA5t_!!2809159470-0-alimamazszw.jpg,高端轻奢,2,5,4,2,5
O1CN01yyx5cP1HDB2HF7yni_!!2841490723-0-alimamazszw.jpg,喜庆感,2,5,3,2,4
O1CN01A5zfdt1WkoN2ZtMxv_!!2064892827-0-alimamazszw.jpg,科技感,3,5,3,2,5
O1CN01MIaQL91tIdAnuRBii_!!2751515879-0-alimamacc.jpg,高端轻奢,2,5,4,2,5
O1CN01qVcypr1LQEmvZth1b_!!2812081293-0-alimamazszw.jpg,高端轻奢,2,5,4,2,5
pexels-photo-29589409.jpeg,高端轻奢,3,5,4,2,5
O1CN01jhlQcu1l2aNeOzjDP_!!3230434761-0-alimamazszw.jpg,简约商务,3,5,5,3,5
6c392b3a-47a1-490b-9efc-93812fcf5f48.jpg,科技感,3,5,3,3,5
O1CN01dQOuCk1N3ujx6qv3M_!!276811515-0-alimamazszw.jpg,高端轻奢,3,5,4,3,5
O1CN01SMsCNR1uEnScn8SWJ_!!3285736006-0-alimamazszw.jpg,高端轻奢,4,5,4,3,5
O1CN01wyjUS02MVZBgTDKtv_!!2210225769833-2-alimamacc.png,高端轻奢,2,5,4,2,5
O1CN017kcwG71uUMwmc0I6p_!!3175416040-0-alimamazszw.jpg,喜庆感,3,5,3,3,4
O1CN01vBJvfa1bOtUkE4gLw_!!3564603456-0-alimamazszw.jpg,高端轻奢,3,5,4,2,5
O1CN0138Rx5s1CHgr86d1Ei_!!2207978560056-0-alimamazszw.jpg,简约商务,2,5,5,2,5
O1CN01qM1MHg1qok5NQEe9d_!!2208969555543-0-alimamazszw.jpg,高端轻奢,3,5,4,3,5
O1CN01KVtBhN1SwwPYPq5gJ_!!730372312-0-alimamazszw.jpg,简约商务,3,5,5,2,5
O1CN016CPZwR1PrxEXVijs2_!!2095691895-0-alimamazszw.jpg,高端轻奢,3,5,4,3,5
O1CN01GbDNSA1ar0BU8mFNz_!!2201188673382-0-alimamazszw.jpg,简约商务,3,5,5,3,5
O1CN01OgJyzJ1Xg3t4vJUjc_!!67112952-0-alimamazszw.jpg,简约商务,4,5,3,3,5
O1CN01h2qHk922jUw0UKsl9_!!2200736037156-0-alimamazszw.jpg,简约商务,2,5,5,2,5
O1CN01cNFkkU1QyCGKCaDs0_!!1123822044-0-alimamazszw.jpg,高端轻奢,4,5,4,3,5
O1CN01jOtrZh22d5OS3dUUU_!!2478877142-0-alimamazszw.jpg,简约商务,2,5,5,2,5
O1CN01y8a2Wb1hkm6S1gdFU_!!2206430814316-0-alimamazszw.jpg,喜庆感,3,5,4,3,4
O1CN01KZoMwe1uuTWBwifQV_!!4260076097-0-alimamazszw.jpg,高端轻奢,2,5,4,2,5
O1CN01qZC9tl1MvfcTHmf4w_!!1656561497-0-alimamazszw.jpg,高端轻奢,4,5,4,3,5
O1CN0121aoSZ1O9EyafAkfZ_!!3577781662-0-alimamazszw.jpg,简约商务,3,5,5,2,5
O1CN01rrrZFc1paiMBzBL8Z_!!3307095377-0-alimamazszw.jpg,高端轻奢,2,5,5,2,5
O1CN01nHflie1IjWecWiKfk_!!2272180929-0-alimamazszw.jpg,喜庆感,4,5,1,3,4
O1CN011KpUqA1s7LnymoUXN_!!2876945719-0-alimamazszw.jpg,科技感,2,5,2,2,5
O1CN01qESctb1dYAlVIez4D_!!2206462643747-0-alimamazszw.jpg,简约商务,4,5,4,3,5
O1CN01CQt0Xc2GDLmYlGEpU_!!1092818981-0-alimamazszw.jpg,简约商务,3,5,4,3,5
O1CN01ZcSybI1QWiV8gri2a_!!4072071984-0-alimamazszw.jpg,高端轻奢,3,5,4,2,5
O1CN01lX67ti1q943C2nykZ_!!2341585452-0-alimamazszw.jpg,简约商务,3,5,5,3,5
O1CN01MtZKx91GahniGN2uu_!!2207358790639-0-alimamazszw.jpg,简约商务,3,5,5,3,5
O1CN01Qkm5Nc2GCtNHz1Wc7_!!2209906078980-0-alimamazszw.jpg,科技感,3,5,2,2,5
O1CN01ImlS2O25GaoCxOqqN_!!533497499-0-alimamazszw.jpg,科技感,3,5,3,3,5
O1CN01AvQalT1G5YqW3JuH4_!!3971060571-0-alimamazszw.jpg,喜庆感,2,5,3,2,4
O1CN01nHOyQo1nCK230I7zT_!!2273775053-0-alimamazszw.jpg,高端轻奢,3,5,5,3,5
O1CN01i6uXzC1E0rYvkw2rH_!!1867460290-0-alimamazszw.jpg,喜庆感,3,5,3,3,4
O1CN01kthswp1zvupttMf8l_!!2204114306777-0-alimamazszw.jpg,简约商务,3,5,5,2,5
pexels-photo-7232661.jpeg,高端轻奢,1,5,5,1,5
O1CN01aZhOfP27j6hc3yYbu_!!1748917832-0-alimamazszw.jpg,喜庆感,3,5,3,3,4
O1CN01tSHtfW1rhFE6AE5k4_!!1645535662-0-alimamazszw.jpg,时尚感,3,5,2,3,4
O1CN01mhOENp1Ofl3k8HXIr_!!3972941733-0-alimamazszw.jpg,科技感,3,5,2,2,5
O1CN01OkWbz11vbz9WxrZct_!!2209307126192-0-alimamazszw.jpg,喜庆感,3,5,3,3,4
O1CN015wk4e61Sk7KLJjRn6_!!2208192862284-0-alimamazszw.jpg,喜庆感,3,5,2,3,4
O1CN016j1S9j1lzD4fbmLLJ_!!2210997784889-0-alimamazszw.jpg,简约商务,3,5,4,3,5
O1CN01QaDIlG2IewqXZFHND_!!2791629312-0-alimamazszw.jpg,高端轻奢,3,5,5,2,5
O1CN01L3YMPW1bJOlOMAySN_!!2967843444-0-alimamazszw.jpg,简约商务,3,5,2,2,5
O1CN01fc6CC52NZWGE90Grr_!!2974339977-0-alimamazszw.jpg,喜庆感,4,5,3,3,4
O1CN014KGhiZ2MhvthaOpI1_!!2206656759860-0-alimamazszw.jpg,科技感,3,5,3,2,5
O1CN01KwE6tc2Li6QaA3FTx_!!2030289725-0-alimamazszw.jpg,时尚感,4,5,2,3,4
O1CN01HONVl81vQXEQ8osmo_!!2613416167-0-alimamazszw.jpg,简约商务,2,5,5,2,5
O1CN01wKAmTy1rMdNdh5DgE_!!3108285617-0-alimamazszw.jpg,简约商务,4,5,5,3,5
O1CN010pDzFK1ybTXGxYkiq_!!3011846597-0-alimamazszw.jpg,喜庆感,3,5,4,2,4
O1CN01fXSG5v1rvRVmKDl4n_!!2209575335693-0-alimamazszw.jpg,简约商务,4,5,5,3,5
O1CN01vr4IOW1lHhRjWCWbq_!!2918934794-2-alimamazszw.png,高端轻奢,2,5,5,2,5
O1CN01iZ8JKU2FVq8uIVo4N_!!3543528886-0-alimamazszw.jpg,简约商务,3,5,5,3,5
O1CN01l1d9dQ1v8fnFi1Yub_!!3369946128-0-alimamazszw.jpg,简约商务,2,5,5,2,5
O1CN01TvxBcc1IrJM0eg6xb_!!1986830946-0-alimamazszw.jpg,简约商务,2,5,5,2,5
O1CN017dEQYI1OCu8KztQQK_!!116091670-0-alimamazszw.jpg,简约商务,4,5,4,3,5
O1CN01tUBDjm2DKjJM5X3So_!!3319438591-0-alimamazszw.jpg,简约商务,3,5,5,2,5
O1CN017F0zu01LH4sMrEbEe_!!3086101273-0-alimamazszw.jpg,高端轻奢,2,5,5,1,5
O1CN01Tzc1GR231oniEpcd2_!!2210981657196-0-alimamazszw.jpg,喜庆感,4,5,3,3,4
O1CN01lg0nDk2MMrgGdzbRQ_!!2232599814-0-alimamazszw.jpg,喜庆感,3,5,3,2,4
O1CN01lr5tDt1HWs5zWovbo_!!2868450766-0-alimamazszw.jpg,卡通童趣,3,5,2,2,3
O1CN010YQXxM1C7cB8K0zTq_!!2208094590034-0-alimamazszw.jpg,科技感,3,5,3,2,5
O1CN0102ijWS1XbwKq4vAJp_!!1689522943-0-alimamazszw.jpg,高端轻奢,3,5,4,3,5
O1CN01fXBFW51y1IGfLNjii_!!2207697526518-0-alimamazszw.jpg,高端轻奢,3,5,4,3,5
O1CN01bqRAkH1YfQyOx18El_!!828233086-0-alimamazszw.jpg,喜庆感,3,5,4,3,4
O1CN01C9HLcs1RILhKVv6NV_!!1818112088-0-alimamazszw.jpg,高端轻奢,3,5,4,3,5
O1CN01TC8NCf2M0QHwda4vt_!!3405689765-0-alimamazszw.jpg,简约商务,3,5,5,2,5
O1CN016NMVUW278T0X3nFrn_!!2211689937752-0-alimamazszw.jpg,简约商务,4,5,4,3,5
O1CN01Rl3JIZ2EDgqJqj05k_!!2208180328711-0-alimamazszw.jpg,科技感,3,5,2,3,5
O1CN01TvkhJ71vQXE9zLcBP_!!2613416167-0-alimamazszw.jpg,时尚感,3,5,2,3,4
O1CN01thwDsO1NPRMlcLFoD_!!845001562-0-alimamazszw.jpg,简约商务,4,5,5,3,5
O1CN01ApyRi11WxdSmyrhog_!!2200632092855-0-alimamazszw.jpg,高端轻奢,3,5,4,3,5
O1CN01lOE9DJ2BxXdjLFbtH_!!3199748405-0-alimamazszw.jpg,喜庆感,2,5,2,1,4
O1CN01YKGGuG2E2EuVrSExH_!!4038458686-0-alimamazszw.jpg,高端轻奢,4,5,4,3,5
O1CN010ZnDDj1KT9jXlsskY_!!2207959261164-0-alimamazszw.jpg,喜庆感,4,5,4,3,4
O1CN01KlIlny25bf0Tvozv3_!!2209492397545-0-alimamazszw.jpg,简约商务,3,5,5,3,5
O1CN01bfsoIn2FpzZLowG4k_!!2260548930-0-alimamazszw.jpg,高端轻奢,3,5,5,3,5
O1CN01AUilvs1uPKaKAV9Tu_!!812046029-0-alimamazszw.jpg,简约商务,3,5,5,2,5
O1CN01dyCYOq2CNBpFuSRok_!!2210975278461-0-alimamazszw.jpg,时尚感,3,5,2,2,4
O1CN01TExtYg1O9EyXMwakC_!!3577781662-0-alimamazszw.jpg,高端轻奢,3,5,4,3,5
O1CN01Cc0f7x2M6NR8hRRY4_!!2208805709778-0-alimamazszw.jpg,高端轻奢,2,5,5,2,5
O1CN01Gltl2o2LCxVIlij7a_!!2201208339657-0-alimamazszw.jpg,喜庆感,3,5,4,3,4
O1CN01HQYQ9p1xh8pBhdoAm_!!2259016474-0-alimamazszw.jpg,科技感,3,5,3,2,5
O1CN01p4ReOu27UuQNoAELp_!!3161577801-0-alimamazszw.jpg,高端轻奢,3,5,5,2,5
O1CN0102nVjv1w30WMnx7ky_!!2224996251-0-alimamazszw.jpg,高端轻奢,4,5,4,3,5
O1CN01p0lcE42D9HOphsIyp_!!826038566-0-alimamazszw.jpg,简约商务,3,5,5,3,5
O1CN01TMMusM1EdnCdRGqb2_!!3285660375-0-alimamazszw.jpg,简约商务,3,5,5,2,5
O1CN01rxYKDW1VT7T0khgSs_!!1794452653-0-alimamazszw.jpg,高端轻奢,4,5,5,4,5
O1CN01mjRB6J22C42TngiOh_!!370627083-0-alimamazszw.jpg,科技感,3,5,2,2,5
O1CN01GOlXrW1vQXEtvFwk9_!!2613416167-0-alimamazszw.jpg,简约商务,2,5,5,2,5
O1CN01ZBOEpv1rLGE9v4XAW_!!3927825614-0-alimamazszw.jpg,高端轻奢,3,5,4,2,5
pexels-photo-804269.jpeg,时尚感,2,5,3,2,4
O1CN01Dtt38E1NXE6BxKwak_!!2129611579-0-alimamazszw.jpg,喜庆感,4,5,2,3,4
O1CN01XnJqae1uuTVBq36ov_!!4260076097-0-alimamazszw.jpg,高端轻奢,2,5,4,2,5
O1CN01wr59bs1s7LoLnBOo6_!!2210432805719-0-alimamazszw.jpg,简约商务,4,5,4,3,5
pexels-photo-31041721.jpeg,高端轻奢,3,5,2,3,5
O1CN01cfmsEa2E4zIgrDFnQ_!!1676208692-0-alimamazszw.jpg,高端轻奢,4,5,3,3,5
O1CN01RAeKla1W4fx7DNHoc_!!1768562735-0-alimamazszw.jpg,喜庆感,3,5,3,3,4
O1CN01Q33CMi1OeqIFKMRXl_!!2206846311731-0-alimamazszw.jpg,高端轻奢,3,5,4,3,5
O1CN016gumgU1EOg9f5ngHX_!!4160170342-0-alimamazszw.jpg,高端轻奢,3,5,4,2,5
O1CN01LAbMuO1y37qGfykwU_!!2208415136522-0-alimamazszw.jpg,喜庆感,3,5,2,3,4
O1CN01r9Y0Ay2CoDCAQjNuu_!!909438520-0-alimamazszw.jpg,高端轻奢,3,5,4,3,5
O1CN01UySb5s24njpb7KCtX_!!2210849987436-0-alimamazszw.jpg,高端轻奢,4,5,3,3,5
O1CN013dKxAW2CiG0z8ku6X_!!856478507-0-alimamazszw.jpg,科技感,2,5,2,2,5
O1CN01k40F7V1oPtMrmgT1s_!!2207331865218-0-alimamazszw.jpg,简约商务,3,5,3,3,5
O1CN01HTn86N1rJQcu0ZXCZ_!!3829975610-0-alimamazszw.jpg,高端轻奢,3,5,4,3,5
O1CN01JBOeLf27pWEyYNnTr_!!3172507846-0-alimamazszw.jpg,喜庆感,3,5,2,2,4
pexels-photo-31041716.jpeg,时尚感,3,5,4,3,4
O1CN01ARfVcD29zFtBmg1sP_!!2212434108138-0-alimamazszw.jpg,简约商务,3,5,3,2,5
O1CN0128prOt1mWdyjlUK98_!!4245404962-0-alimamazszw.jpg,喜庆感,3,5,5,2,4
O1CN019RjTz82BUghCtMr8Z_!!525738342-0-alimamazszw.jpg,高端轻奢,2,5,4,2,5
O1CN01sgsfor1z0fLHHm72W_!!2205250226652-0-alimamazszw.jpg,喜庆感,3,5,2,2,4
O1CN01GMMUo923opAQi4bAH_!!883737303-0-alimamazszw.jpg,科技感,3,5,2,2,5
O1CN01VKmZt21tD8OpoBAtU_!!844735867-0-alimamazszw.jpg,高端轻奢,3,5,5,2,5
O1CN01NfDYkE2CoDBdP5faH_!!909438520-0-alimamazszw.jpg,简约商务,3,5,5,3,5
O1CN01XzVJQT1fa7fjt1A9P_!!667074022-0-alimamacc.jpg,高端轻奢,3,5,5,3,5
O1CN01NdLeRk1zN6kETDSJh_!!2212326096701-0-alimamazszw.jpg,时尚感,3,5,2,2,4
O1CN01JQyMHB1ckFZhc5ehS_!!2207339483638-0-alimamazszw.jpg,简约商务,3,5,5,2,5
O1CN01FCi3MM240H3gW3eHJ_!!1993067328-0-alimamazszw.jpg,简约商务,3,5,4,3,5
O1CN010AwQxv1WkoNuAFxVY_!!2064892827-2-alimamazszw.png,高端轻奢,3,5,5,2,5
O1CN01v2Fsws21QtFUtIjXT_!!2203256980-0-alimamazszw.jpg,高端轻奢,3,5,4,3,5
O1CN010yuSyq1Cp7mXmKR0c_!!3429520129-0-alimamazszw.jpg,科技感,3,5,2,3,5
O1CN01Mvj9rC1KdERSyUOGe_!!2210860391186-0-alimamazszw.jpg,简约商务,2,5,5,2,5
O1CN01mXf47q2N8xHPX0moZ_!!254039919-0-alimamazszw.jpg,简约商务,3,5,5,2,5
O1CN015dY79h22o4ukN61aj_!!818287166-0-alimamazszw.jpg,简约商务,3,5,5,3,5
O1CN01qh2kUL1K3VWtO5ahD_!!2335371108-0-alimamazszw.jpg,简约商务,3,5,5,2,5
O1CN01ceuz2x2I4JBRRJsr1_!!2212087209232-0-alimamazszw.jpg,简约商务,2,5,5,2,5
O1CN01Jfd2wG29zFsbzGdTm_!!1915398138-0-alimamazszw.jpg,简约商务,4,5,5,3,5
O1CN011qOssv1QhFcKWVUa3_!!2210967952007-0-alimamazszw.jpg,高端轻奢,2,5,5,2,5
O1CN01wsUX8N1IlodVz9HC2_!!2200615310934-0-alimamazszw.jpg,高端轻奢,3,5,4,2,5
O1CN01f4Omn91WCv4elrc2h_!!2206747412753-0-alimamazszw.jpg,科技感,3,5,3,3,5
O1CN01muF79J2HwWS1NXFmV_!!398719215-0-alimamazszw.jpg,高端轻奢,3,5,4,3,5
O1CN016d2eZ129nnzdDbS55_!!154338113-0-alimamazszw.jpg,简约商务,4,5,5,3,5
O1CN01ZbMWKa1VTZpS5y2ti_!!3428792654-0-alimamazszw.jpg,喜庆感,4,5,3,3,4
O1CN01Wg4FDL1yypkMl7Xpn_!!2247096648-0-alimamazszw.jpg,高端轻奢,3,5,5,2,5
O1CN01ZkgGzy1m8pNw68NZp_!!2201204344910-0-alimamazszw.jpg,高端轻奢,3,5,4,2,5
O1CN01R2s3eR1nqASr3TsPz_!!719395140-0-alimamazszw.jpg,高端轻奢,2,5,5,2,5
O1CN01RkQLjH1L4iBjenhe0_!!3164711246-0-alimamazszw.jpg,喜庆感,2,5,4,2,4
pexels-photo-26336893.jpeg,高端轻奢,1,5,3,1,5
O1CN015KTsYn1vkEFGDQ5q8_!!2092236210-0-alimamazszw.jpg,高端轻奢,4,5,4,4,5
O1CN01SJYasT1PVyEQWwzH0_!!4128671847-0-alimamacc.jpg,科技感,3,5,3,3,5
O1CN01WG2Vo020zPUIunsPa_!!1662156920-0-alimamazszw.jpg,卡通童趣,3,5,3,2,3
7d28690f-27c4-4839-a2e0-9b018c867e04.jpg,时尚感,2,5,3,2,4
O1CN017lkQpc1iE5TSoIid3_!!2115394380-0-alimamazszw.jpg,简约商务,3,5,5,2,5
O1CN01sySmrt1g2ydpJB3xG_!!2200712204085-0-alimamazszw.jpg,科技感,3,5,2,2,5
O1CN01eDbBYs1TgHalHIo90_!!1625162411-0-alimamazszw.jpg,高端轻奢,3,5,5,3,5
O1CN010OqqmH2HbSEIUlgd3_!!730719169-0-alimamazszw.jpg,简约商务,4,5,5,3,5
O1CN01EDaiLb1owPUdSLrMy_!!907965289-0-alimamazszw.jpg,高端轻奢,3,5,4,3,5
O1CN0106EKHL1Cmpp3fedxW_!!2155640124-0-alimamazszw.jpg,时尚感,3,5,2,3,4
O1CN01h89vUd1K0lAOdpUTi_!!2206386581102-0-alimamazszw.jpg,简约商务,2,5,5,2,5
O1CN0173qWBe1fDDsIF8wHy_!!3899793972-0-alimamazszw.jpg,高端轻奢,3,5,4,3,5
O1CN0107Nn8d2BA4qoc6PUU_!!3838638297-0-alimamazszw.jpg,高端轻奢,3,5,4,2,5
O1CN01fO7lQN1N3uizIhnMR_!!276811515-0-alimamazszw.jpg,高端轻奢,2,5,5,2,5
O1CN01fTE1gR28zson7WVhi_!!2885348004-0-alimamazszw.jpg,高端轻奢,4,5,4,3,5
O1CN01eDTbj81xAAKBNKxx2_!!2803226402-0-alimamazszw.jpg,时尚感,4,5,2,4,4
O1CN01kdvdMt1s9BO8lbOOK_!!3189385723-0-alimamazszw.jpg,简约商务,2,5,5,2,5
O1CN01cmHpsx2LPmas695YG_!!2206926289685-0-alimamazszw.jpg,高端轻奢,2,5,5,2,5
O1CN01CMK7Gt1flZaXTSInU_!!1653734047-0-alimamazszw.jpg,简约商务,3,5,5,3,5
O1CN01LvayGw2GWaPHqhbpb_!!291259023-0-alimamazszw.jpg,简约商务,4,5,4,3,5
O1CN01pQ8TLu1ljdb44wL3O_!!2210416034855-0-alimamazszw.jpg,时尚感,2,5,2,2,4
O1CN011FIzNL1uUpLTwVF2H_!!3899096041-0-alimamazszw.jpg,高端轻奢,4,5,4,3,5
O1CN01oRcE3l2DhAgcVNb5k_!!3370518640-0-alimamazszw.jpg,喜庆感,3,5,4,3,4
O1CN01G8Nbf720UGYLozjt5_!!1624766852-0-alimamazszw.jpg,喜庆感,3,5,3,3,4
O1CN0174VhwV1QWiV4QJFZe_!!4072071984-0-alimamazszw.jpg,高端轻奢,3,5,4,2,5
O1CN01TrAy8A1KT9jKctWZ5_!!2207959261164-0-alimamazszw.jpg,简约商务,4,5,5,4,5
O1CN01kuJV742ISaAixX8LL_!!2261059285-0-alimamazszw.jpg,高端轻奢,3,5,5,2,5
O1CN01B8Rhc32Ce8SlhrDf1_!!2210167968498-0-alimamazszw.jpg,高端轻奢,3,5,4,2,5
O1CN01NunzLj1qARFlvGhsO_!!2208657215455-0-alimamazszw.jpg,简约商务,3,5,5,2,5
O1CN01CdNh271NfvaCi3Jcn_!!2206372051598-0-alimamazszw.jpg,高端轻奢,2,5,4,2,5
O1CN01LRkVFm2NXge4UkRwT_!!398259973-0-alimamazszw.jpg,简约商务,4,5,4,3,5
O1CN015wWl9m2LLCeMBA0Tz_!!4093779675-0-alimamazszw.jpg,简约商务,3,5,5,3,5
O1CN01iBttj22G3H44v8kAO_!!1975328959-0-alimamazszw.jpg,高端轻奢,3,5,5,2,5
O1CN01ecq0lR1buxCXddRvw_!!3440693526-0-alimamazszw.jpg,简约商务,3,5,5,2,5
O1CN01xYxyu21kfEB0SeiPk_!!3191654710-0-alimamazszw.jpg,简约商务,2,5,5,2,5
O1CN01BzA5Aq1uDQILivLN1_!!2200745706003-0-alimamazszw.jpg,高端轻奢,2,5,5,2,5
O1CN01qDxOq51iV27sMcP6r_!!3157354417-0-alimamazszw.jpg,高端轻奢,3,5,5,2,5
O1CN01rsZAZt1uuvvNBkTeR_!!2208901996098-0-alimamazszw.jpg,高端轻奢,2,5,5,1,5
O1CN01ceV0XM20ZIuawZwHV_!!725786863-0-alimamazszw.jpg,高端轻奢,3,5,5,3,5
O1CN01zv6ACI2ETiho8xewa_!!2477818746-0-alimamazszw.jpg,喜庆感,3,5,2,3,4
O1CN01eDUHCB2IAGJrTCwL2_!!4001199245-0-alimamazszw.jpg,简约商务,3,5,5,3,5
O1CN01mKAPZw23m4njVOhKf_!!739517297-0-alimamazszw.jpg,喜庆感,4,5,3,3,4
O1CN01ADerO81uuTWPJHp6Y_!!4260076097-0-alimamazszw.jpg,高端轻奢,2,5,4,2,5
O1CN01DBd59N1Ebxe0MXq7e_!!737030371-0-alimamazszw.jpg,简约商务,4,5,5,3,5
pexels-photo-26777519.jpeg,时尚感,2,5,4,2,4
O1CN01g4uk1p2HZAEnKudKH_!!2208698409164-0-alimamazszw.jpg,简约商务,3,5,5,3,5
O1CN01xXHmx61UXrxfgwrzr_!!2208492912528-0-alimamazszw.jpg,科技感,3,5,3,3,5
O1CN018hSK0l1fW07d4F60l_!!2209241604013-0-alimamacc.jpg,高端轻奢,3,5,4,3,5
O1CN01LSfBVh1R3h174h1ZE_!!2200778632056-0-alimamazszw.jpg,简约商务,4,5,5,3,5
O1CN01Eu4jP91SBlbumrOOB_!!830912209-0-alimamazszw.jpg,科技感,4,5,3,3,5
O1CN01JG2oem1xh8oZKZ8VW_!!2259016474-0-alimamazszw.jpg,简约商务,4,5,5,4,5
O1CN01rgxsi11MOEglZWIOa_!!2933531424-0-alimamazszw.jpg,喜庆感,4,5,4,3,4
pexels-photo-7957750.jpeg,喜庆感,2,5,2,1,4
O1CN01wLsHP21tVSGu730HI_!!3476475907-0-alimamazszw.jpg,高端轻奢,3,5,5,3,5
O1CN014ZyS5D1cSqYNVh6vp_!!73903600-0-alimamazszw.jpg,高端轻奢,3,5,4,3,5
O1CN01SjOPUk1cF6eGKMZK0_!!4092953570-0-alimamazszw.jpg,简约商务,3,5,3,3,5
O1CN01iYt0iy1Ca0hnIOC4m_!!2014110096-0-alimamazszw.jpg,喜庆感,3,5,2,3,4
O1CN01kpE8Df1mnadet9y8z_!!2206425384999-0-alimamazszw.jpg,高端轻奢,3,5,5,2,5
O1CN01B84kAp1Gs6qgc8kF6_!!3394700677-0-alimamazszw.jpg,高端轻奢,3,5,5,2,5
O1CN0142bK9V24BiyDihCtC_!!817987353-0-alimamazszw.jpg,时尚感,3,5,2,3,4
O1CN01KP7ZZs2FwP5wEpWNd_!!761148944-0-alimamazszw.jpg,高端轻奢,3,5,4,3,5
O1CN01ZVvhww2LtYM1HwIDB_!!4207869750-0-alimamazszw.jpg,高端轻奢,3,5,4,3,5
O1CN01AvxxmT1Yd8xzsZOGI_!!1037143081-0-alimamazszw.jpg,时尚感,3,5,2,2,4
O1CN01KKblHz1oOyaE1oKBV_!!2261075216-0-alimamazszw.jpg,科技感,4,5,4,3,5
O1CN01fssSTr23dNGuHQ6Wr_!!4173977278-0-alimamazszw.jpg,高端轻奢,3,5,4,2,5
O1CN01caOaiC2IaMuZTpVAV_!!2208876529302-0-alimamazszw.jpg,喜庆感,3,5,3,3,4
O1CN018VSkMN1ZQblJY5YsA_!!1755473189-0-alimamazszw.jpg,喜庆感,3,5,4,2,4
O1CN01RagvBE1aEWtxNH7dC_!!2207511903298-0-alimamazszw.jpg,简约商务,2,5,5,2,5
O1CN01LSQqbc1OBzLktwTWY_!!2207344981668-0-alimamazszw.jpg,高端轻奢,3,5,4,2,5
O1CN010QHipO1DtXE1zR8vV_!!2213480274-0-alimamazszw.jpg,喜庆感,4,5,2,3,4
O1CN01M4Qfaj1QlNBMZwrBq_!!2208008712016-0-alimamazszw.jpg,喜庆感,3,5,5,3,4
O1CN01IIpE041gCavojai0S_!!2210961894106-0-alimamazszw.jpg,简约商务,3,5,5,3,5
O1CN015s4Z5q1XE7hRELZzW_!!2207269492891-0-alimamazszw.jpg,简约商务,3,5,5,3,5
O1CN01C7Wl2v1owPVXaP8Ep_!!907965289-0-alimamazszw.jpg,高端轻奢,3,5,5,3,5
O1CN01JuXCjt1iNFP8N6Cxy_!!2200676434400-0-alimamazszw.jpg,简约商务,3,5,5,3,5
O1CN01kL2KwW1RYpvgZTcUg_!!3694752124-0-alimamazszw.jpg,简约商务,3,5,5,2,5
O1CN01X81Rso1xn5ybkIWoK_!!443296487-0-alimamazszw.jpg,科技感,3,5,3,3,5
O1CN01lhZK521XxSwsQSAmN_!!2776482990-0-alimamazszw.jpg,喜庆感,3,5,2,3,4
O1CN01nJJhnL2N2Xjv2AX2d_!!2207367849905-0-alimamazszw.jpg,喜庆感,3,5,2,3,4
O1CN01sGzT2J1NQMA6xrVFg_!!2206841221564-0-alimamazszw.jpg,喜庆感,3,5,2,2,4
O1CN01DrCQRm1mWdyqjmrtA_!!4245404962-0-alimamazszw.jpg,简约商务,3,5,5,3,5
O1CN01HKo5Zs1gWHyio3suh_!!2211406304149-0-alimamazszw.jpg,喜庆感,3,5,3,3,4
O1CN01x2QyvT2NFpDicM1iU_!!2211582429934-0-alimamazszw.jpg,简约商务,3,5,5,3,5
O1CN01rFM5LW1RszNVSWn6X_!!1127532168-0-alimamazszw.jpg,简约商务,4,5,4,4,5
O1CN01cwpK4q1POduFzWMyY_!!52431831-0-alimamazszw.jpg,高端轻奢,3,5,3,3,5
O1CN01dT0dm527OUrDlBXvT_!!2208065117787-0-alimamazszw.jpg,简约商务,3,5,3,3,5
O1CN012PTW2c1iuDuXAv0bA_!!2206844864472-0-alimamazszw.jpg,简约商务,3,5,4,3,5
O1CN01GKcgZk1Z4AKXZGxlq_!!2000263140-0-alimamazszw.jpg,喜庆感,3,5,3,3,4
O1CN01Cj1GGl24P0SUpyOUN_!!2211069827382-0-alimamazszw.jpg,高端轻奢,3,5,4,2,5
O1CN01zAL4my1WkoNtDWzG8_!!2064892827-2-alimamazszw.png,简约商务,3,5,5,3,5
O1CN01cbTriA1kG2Om3iBgB_!!2425744655-0-alimamazszw.jpg,喜庆感,3,5,3,3,4
O1CN01q5Y9us28G5BmB0sLo_!!2352297904-0-alimamazszw.jpg,高端轻奢,3,5,4,2,5
O1CN01KQF26i1wtg1bOmSaX_!!2107766366-0-alimamazszw.jpg,高端轻奢,3,5,4,2,5
O1CN01dswKCM1gTzz63sJ0Y_!!1030994144-0-alimamazszw.jpg,简约商务,3,5,5,3,5
O1CN01jv6Zzt1soP2mhHcrW_!!3016945813-0-alimamazszw.jpg,高端轻奢,3,5,4,2,5
O1CN01BieJ2W1fomKA8m6oB_!!2205566944054-0-alimamazszw.jpg,科技感,3,5,2,2,5
O1CN01oqUSCZ1sSsQ2DXaG0_!!2076335766-0-alimamazszw.jpg,科技感,3,5,2,3,5
O1CN01YmEmcI1CU3YI6oegJ_!!3426460083-0-alimamazszw.jpg,高端轻奢,3,5,5,2,5
O1CN01cu9IJ71oNbOCbDIot_!!2119015213-0-alimamazszw.jpg,简约商务,2,5,5,2,5
O1CN01Ui77jV1u8Nv4pL12H_!!2210113175992-0-alimamazszw.jpg,高端轻奢,3,5,4,2,5
O1CN01dYjjYy1raNHAoVXH7_!!1050505647-0-alimamazszw.jpg,简约商务,2,5,5,2,5
O1CN01qSCEfS24ETKSEsb0H_!!86507359-0-alimamazszw.jpg,时尚感,4,5,2,3,4
pexels-photo-30004063.jpeg,时尚感,2,5,3,2,4
O1CN01rSX30S1KYC4hoegXJ_!!194821175-0-alimamazszw.jpg,简约商务,3,5,5,3,5
O1CN01E2Jfql2IYXJOS8Fh2_!!2209883959298-0-alimamazszw.jpg,高端轻奢,3,5,4,2,5
O1CN017Rf6bp1xdw2iJ6saT_!!2905216467-0-alimamazszw.jpg,简约商务,4,5,4,3,5
O1CN01TWE9AC1keJOCFCXJf_!!3907924708-0-alimamazszw.jpg,高端轻奢,2,5,4,2,5
O1CN01SYWrbQ1rvtts7JsCj_!!97035694-0-alimamazszw.jpg,科技感,4,5,2,3,5
free-photo-of-gucci.jpeg,高端轻奢,3,5,5,3,5
O1CN01qj0INW1v8DPRy8CvI_!!1023126127-0-alimamazszw.jpg,喜庆感,3,5,4,3,4
O1CN01hP08Rz1wtg3HL24PB_!!3819846366-0-alimamazszw.jpg,高端轻奢,4,5,4,3,5
O1CN01zqM3j41QQIxi8uI73_!!2201228591970-0-alimamazszw.jpg,科技感,4,5,2,3,5
O1CN01M61Yr31ph7siEgnda_!!2208247395391-0-alimamazszw.jpg,高端轻奢,2,5,5,2,5
O1CN019NkFXf1KRmWYpN1ZM_!!2206806531161-0-alimamazszw.jpg,简约商务,3,5,5,3,5
O1CN01tYHmUr2HDde5yNv82_!!2200733309117-0-alimamazszw.jpg,简约商务,3,5,2,3,5
O1CN01SOurgL1sSsPFt2Cgu_!!2076335766-0-alimamazszw.jpg,高端轻奢,4,5,5,3,5
O1CN01ajYoI21KT9iv6e7e7_!!2207959261164-0-alimamazszw.jpg,高端轻奢,3,5,4,3,5
O1CN01CEm61x1QWiUvT4jtF_!!4072071984-0-alimamazszw.jpg,高端轻奢,3,5,4,3,5
O1CN01nt5W4b1g8vmLXJCdx_!!4275674098-0-alimamazszw.jpg,简约商务,2,5,5,2,5
O1CN01c5Dj9z2JwdmrZeMj8_!!2200734629486-0-alimamazszw.jpg,喜庆感,3,5,2,3,4
O1CN01BAdQfg2N1cxA2czaa_!!2210476939903-0-alimamazszw.jpg,简约商务,3,5,5,3,5
O1CN01UB2UDl1owPUu7OGam_!!907965289-0-alimamazszw.jpg,高端轻奢,3,5,5,3,5
O1CN01dnd73S1qnMuqMF0h1_!!1761495540-0-alimamazszw.jpg,高端轻奢,3,5,4,3,5
O1CN0166Fyld1udWqZIga3O_!!3973956060-0-alimamazszw.jpg,简约商务,3,5,5,3,5
O1CN0177Na9c21mPqdawSay_!!2397107027-0-alimamazszw.jpg,简约商务,3,5,3,2,5
O1CN013civx21Jwdc2ujKAT_!!382091093-0-alimamazszw.jpg,简约商务,3,5,5,3,5
O1CN014mscH21CsKY1Tkbgl_!!2209508460136-0-alimamazszw.jpg,科技感,3,5,2,2,5
O1CN011hBaup2FnFASolQww_!!122858924-0-alimamacc.jpg,高端轻奢,3,5,4,2,5
O1CN01GWd2BI1kCNDlX8kc7_!!2200735034647-0-alimamazszw.jpg,简约商务,3,5,4,3,5
O1CN01cgkP8N1sSsPyGUC8S_!!2076335766-0-alimamazszw.jpg,简约商务,3,5,5,2,5
O1CN01D9SbgO2IGDTw5LA38_!!2254319258-0-alimamazszw.jpg,科技感,3,5,4,3,5
O1CN01X1oPj91Qaq44X8Teb_!!2206969131993-0-alimamazszw.jpg,高端轻奢,2,5,4,2,5
O1CN01BwjDAN235TyLinDCS_!!2201195687204-0-alimamazszw.jpg,简约商务,3,5,4,3,5
O1CN01iiXr8V1owPUfWSGuI_!!907965289-0-alimamazszw.jpg,简约商务,3,5,4,3,5
O1CN016aS4T72AHZhgegQDs_!!1765308178-0-alimamazszw.jpg,高端轻奢,3,5,4,3,5
O1CN01gJsWH11LNURv21uq3_!!2211173981287-0-alimamazszw.jpg,简约商务,4,5,3,3,5
O1CN01jlRM7e1g8TO217S45_!!4103524097-0-alimamazszw.jpg,简约商务,4,5,5,3,5
O1CN017HRNCY1yvcxvMrUP9_!!2938476641-0-alimamazszw.jpg,简约商务,4,5,4,3,5
O1CN01N7fJxI1IsgYywWTmb_!!2057610949-0-alimamazszw.jpg,高端轻奢,2,5,5,2,5
O1CN01LO9PbP1zEPCOI2Dep_!!2159616682-0-alimamazszw.jpg,喜庆感,4,5,4,3,4
O1CN01eCvNdw2ANWszlsG4g_!!802948191-0-alimamazszw.jpg,简约商务,3,5,4,2,5
O1CN01ZOQhmP1LwIYBOFeDi_!!3158061363-0-alimamazszw.jpg,简约商务,4,5,5,3,5
O1CN01Mjo1Ki1nCK0WGt7ec_!!363555053-0-alimamazszw.jpg,高端轻奢,3,5,4,3,5
O1CN01Anr1Ad1GiwuHyNIFb_!!3426130657-0-alimamazszw.jpg,喜庆感,4,5,3,3,4
O1CN01PHbKE21sCqXEE95nB_!!3077295731-0-alimamazszw.jpg,科技感,2,5,3,2,5
O1CN01D7HXEg1iE5SVkdtet_!!2115394380-0-alimamazszw.jpg,喜庆感,3,5,2,3,4
O1CN01WNXD011cSO8OVkxBq_!!3025463599-0-alimamazszw.jpg,科技感,4,5,2,3,5
O1CN01ocxITP1QZvFvjd3SO_!!3423531991-0-alimamazszw.jpg,高端轻奢,2,5,4,2,5
O1CN01h79QWp1Qaq4QZKc3A_!!2201438801993-0-alimamazszw.jpg,简约商务,3,5,5,3,5
O1CN01nlAJML2HQSjezBEVt_!!2097409145-0-alimamazszw.jpg,简约商务,2,5,5,2,5
O1CN01UeYy1f1fjHb04iEx3_!!2207473724042-0-alimamazszw.jpg,科技感,2,5,2,2,5
pexels-photo-10244888.jpeg,科技感,3,5,3,3,5
O1CN01wXeuDa26dmTvQsIZM_!!653517685-0-alimamazszw.jpg,高端轻奢,3,5,5,3,5
O1CN01YcQos11hM2ii07nxQ_!!2681304262-0-alimamazszw.jpg,高端轻奢,3,5,5,3,5
O1CN01CLJ2pE1ZwfS0NtLtw_!!1752543259-0-alimamazszw.jpg,科技感,3,5,2,3,5
O1CN01NExKYa2JKcuV1hnjX_!!2374579403-0-alimamazszw.jpg,简约商务,3,5,5,2,5
O1CN01dWrhj91NPtkvat8AZ_!!322201563-0-alimamazszw.jpg,高端轻奢,2,5,4,2,5
O1CN01ozCsqm20batR6LxYM_!!2766356868-0-alimamazszw.jpg,简约商务,2,5,5,2,5
O1CN01k6kazZ1Spc40EoVz1_!!2779512296-0-alimamazszw.jpg,喜庆感,3,5,4,3,4
O1CN014HBBKx1Nv2fkolRY2_!!786621631-0-alimamazszw.jpg,高端轻奢,3,5,4,3,5
O1CN01PsraNa2A3ppScH8hU_!!2206481358148-0-alimamazszw.jpg,喜庆感,3,5,4,3,4
O1CN011cqUIG1cA4IugFxed_!!2209434053559-0-alimamazszw.jpg,喜庆感,3,5,2,2,4
O1CN01hT3FRD27US1RHmLUE_!!2211055567800-0-alimamazszw.jpg,高端轻奢,2,5,4,2,5
O1CN01xt6UKR1ieC3koLO6c_!!3393034437-0-alimamazszw.jpg,喜庆感,3,5,3,3,4
O1CN01phls4J1vXrYcpbWe7_!!2201761886183-0-alimamazszw.jpg,简约商务,2,5,5,2,5
O1CN01AJzJP81cKbQADqPim_!!2212366543582-0-alimamazszw.jpg,高端轻奢,3,5,4,3,5
O1CN01gP1AXl1flZaXGtKjK_!!1653734047-0-alimamazszw.jpg,简约商务,3,5,5,2,5
O1CN01e1QqG51dSfzpS46WN_!!2208036083735-0-alimamazszw.jpg,简约商务,3,5,4,3,5
O1CN01OTXewq1s8iyr10x8r_!!3693245722-0-alimamazszw.jpg,喜庆感,3,5,4,3,4
O1CN01Tuxu0g1n7k3vvGl1d_!!2920895043-0-alimamazszw.jpg,高端轻奢,3,5,4,3,5
pexels-photo-34482960.png,科技感,4,5,2,3,5
O1CN019mXpgB1DfnKS8BSXM_!!3217310244-0-alimamazszw.jpg,高端轻奢,3,5,5,3,5
O1CN01cF3sXj1Uzo7yIaVxX_!!3334122589-0-alimamacc.jpg,高端轻奢,3,5,4,2,5
O1CN01jqjjdc1lKuE0DUY0M_!!2510084801-0-alimamazszw.jpg,高端轻奢,4,5,5,3,5
O1CN019gXt721TbhclVLcr5_!!2398662401-0-alimamazszw.jpg,高端轻奢,3,5,5,2,5
O1CN018CT8wt27OUrzn4dft_!!2208065117787-0-alimamazszw.jpg,简约商务,4,5,5,3,5
O1CN01ibI0mg1eOqJChkU3X_!!2208775533862-0-alimamazszw.jpg,简约商务,2,5,5,2,5
O1CN019QvBaw1rvRVZC34Hk_!!2209575335693-0-alimamazszw.jpg,简约商务,4,5,5,3,5
O1CN012a4hNy2G3H3qbgssg_!!1975328959-0-alimamazszw.jpg,高端轻奢,3,5,5,2,5
O1CN01ytFrLF1uTuWnjNh4t_!!2206385106039-0-alimamazszw.jpg,喜庆感,2,5,3,2,4
O1CN019bvlvg28UHU7OKqSe_!!61937935-0-alimamazszw.jpg,高端轻奢,2,5,5,2,5
O1CN01wWulnC1rt9VwqTfs7_!!3931325688-0-alimamazszw.jpg,科技感,3,5,2,2,5
O1CN01Q8zoZk1mcb8ltyEt6_!!2204157154975-0-alimamazszw.jpg,简约商务,4,5,5,3,5
O1CN017ZROWt1tlU8VWkSqR_!!2201435095942-0-alimamazszw.jpg,高端轻奢,4,5,5,3,5
O1CN01kqkvWd1yBMyYSnlvv_!!2201235696540-0-alimamazszw.jpg,喜庆感,3,5,3,3,4
O1CN01UqPpkv2KVuHexIhAW_!!2201215939563-0-alimamazszw.jpg,简约商务,3,5,5,2,5
O1CN01ip2LeH1joYcqI0cWD_!!94504595-0-alimamazszw.jpg,科技感,4,5,2,3,5
O1CN01174q2u1ZlDaCqi6bG_!!2212097133234-0-alimamazszw.jpg,简约商务,3,5,5,2,5
O1CN01A6fsqn1n3A6TqUwmT_!!2209023535033-0-alimamazszw.jpg,高端轻奢,3,5,4,2,5
pexels-photo-25712840.jpeg,时尚感,3,5,3,2,4
O1CN01znfo3I1YREh1iO8pN_!!2208617803055-0-alimamazszw.jpg,高端轻奢,3,5,4,3,5
O1CN01Ngq8mN1QY5gtQKkDr_!!2867731987-0-alimamazszw.jpg,喜庆感,4,5,3,3,4
O1CN01uemjzC1soP2pi1x11_!!3016945813-0-alimamazszw.jpg,喜庆感,3,5,4,3,4
O1CN01kdydF21et4RHCTFz4_!!3233823928-0-alimamazszw.jpg,简约商务,4,5,4,3,5
O1CN01VL1MJT1lBHtmvXGBP_!!2141044780-0-alimamazszw.jpg,简约商务,3,5,2,2,5
O1CN01xg6xLn24pZR6fynTK_!!2993567440-0-alimamazszw.jpg,高端轻奢,4,5,5,3,5
O1CN01NiupvB1ctrtlGrVxG_!!108113659-0-alimamazszw.jpg,简约商务,3,5,5,3,5
O1CN01anqLhW1N3ukeK9L7q_!!276811515-0-alimamazszw.jpg,高端轻奢,3,5,5,3,5
O1CN01AGk8ME2ANWt42c61A_!!802948191-0-alimamazszw.jpg,高端轻奢,2,5,5,2,5
O1CN01vQehDX27Y7CKFbsd5_!!2210697267808-0-alimamazszw.jpg,时尚感,5,5,2,4,4
O1CN01UNWv6o2M0QHA3ryuw_!!2677409765-0-alimamazszw.jpg,简约商务,3,5,4,2,5
O1CN01usL4pp1pqHox9HMsI_!!829015411-0-alimamazszw.jpg,科技感,3,5,2,3,5
pexels-photo-7876380.jpeg,科技感,2,5,2,2,5
O1CN012s3U9N2M45S9eviUh_!!2206461499773-0-alimamazszw.jpg,简约商务,2,5,5,2,5
O1CN01CXemei1xCSICV9Kzy_!!2926596407-0-alimamazszw.jpg,高端轻奢,2,5,5,2,5
O1CN010xY9m41dHE6x7xW6A_!!2065933710-0-alimamazszw.jpg,简约商务,4,5,4,3,5
O1CN01RQq4fo1V4O3oGsAJR_!!2906932599-0-alimamazszw.jpg,科技感,3,5,2,2,5
O1CN01pD4tgL1cPBNh2fmgS_!!3160393592-0-alimamazszw.jpg,简约商务,3,5,3,3,5
O1CN01cWQ1gB20tSKY7LHvD_!!2201295156907-0-alimamazszw.jpg,高端轻奢,2,5,4,2,5
O1CN01OGh1Zo29Sjlx9VSsx_!!2197248067-0-alimamazszw.jpg,高端轻奢,3,5,4,3,5
O1CN016WhJhe1mWdzBPyTXA_!!4245404962-0-alimamazszw.jpg,科技感,3,5,3,3,5
O1CN015m7lEM1mmfq45bLcM_!!3596654997-0-alimamazszw.jpg,简约商务,4,5,4,3,5
O1CN01tHPjIg1KjdyitODB1_!!2769281200-0-alimamazszw.jpg,高端轻奢,3,5,4,3,5
O1CN01FxJ5vg1kNMjJA8ODo_!!2248304671-0-alimamazszw.jpg,简约商务,4,5,5,3,5
O1CN015Z3JR01kR1sBytY0f_!!831714679-0-alimamazszw.jpg,喜庆感,2,5,3,1,4
O1CN019umHAX1YlO7QZjEcH_!!2202647373099-0-alimamazszw.jpg,简约商务,2,5,5,2,5
O1CN01O89wuU1LVjZvamgzc_!!3969561305-0-alimamazszw.jpg,简约商务,3,5,5,2,5
O1CN01jFnnir1keJNZip6rN_!!3907924708-0-alimamazszw.jpg,喜庆感,3,5,3,2,4
pexels-photo-6039866.jpeg,复古国风,3,5,2,2,3
O1CN01ldhpgU1WFfRpjqVTf_!!1014642759-0-alimamazszw.jpg,简约商务,3,5,5,3,5
O1CN01Qooqfl2COZ08WhmYg_!!2210144838464-0-alimamazszw.jpg,科技感,3,5,3,2,5
O1CN017QmF0B1n5S48bbiYF_!!2201274425038-0-alimamazszw.jpg,科技感,4,5,2,4,5
O1CN01S5bW4e1igwQRhQzm8_!!41944443-0-alimamazszw.jpg,高端轻奢,1,5,5,1,5
O1CN01QFIlJn1ZXw5ZntBU3_!!1112473205-0-alimamazszw.jpg,简约商务,4,5,4,3,5
O1CN010hKH862K2auRTZJPp_!!1693039499-0-alimamazszw.jpg,高端轻奢,3,5,5,3,5
O1CN012PkJ861ztATYTYB0d_!!479966771-0-alimamazszw.jpg,高端轻奢,3,5,4,3,5
O1CN01CJF7hr1gKq5K5xN7F_!!1637984124-0-alimamazszw.jpg,高端轻奢,3,5,5,3,5
O1CN01VTOHtp1NPRMQZh6Kk_!!845001562-0-alimamazszw.jpg,高端轻奢,3,5,4,3,5
pexels-photo-7577792.jpeg,高端轻奢,3,5,3,2,5
O1CN01s17iHz1b3MtFOmzTV_!!605623409-0-alimamazszw.jpg,简约商务,2,5,5,2,5
O1CN01yeoHZA1F24DuDxGVO_!!1803950428-0-alimamazszw.jpg,简约商务,4,5,5,3,5
O1CN01Pu8xh11oOya9pDTXd_!!2261075216-0-alimamazszw.jpg,科技感,4,5,3,3,5
O1CN01S1CZzd2HZAFhewrju_!!2208698409164-0-alimamazszw.jpg,高端轻奢,3,5,4,3,5
O1CN01i2qPDp1mJMV6ykfwe_!!2200580894933-0-alimamazszw.jpg,高端轻奢,3,5,5,3,5
O1CN01Rrchpp217ecR6BKCf_!!2200724856938-0-alimamazszw.jpg,喜庆感,4,5,3,3,4
O1CN01ivczwE1WrDvQDpQuM_!!3417742841-0-alimamazszw.jpg,科技感,3,5,2,3,5
O1CN011PvPu31zOwK8FqX60_!!3392536705-0-alimamazszw.jpg,喜庆感,3,5,4,2,4
O1CN015mSXiA20dQRCJZoLH_!!51416872-0-alimamazszw.jpg,高端轻奢,3,5,4,3,5
O1CN01ywQrYm1oNbMxWdDv8_!!2119015213-0-alimamazszw.jpg,科技感,3,5,4,2,5
O1CN01aohIoR1nIjZEgGkMc_!!836315067-0-alimamazszw.jpg,简约商务,2,5,5,2,5
O1CN01LzoMbO1pfki9SWV4b_!!753135388-0-alimamazszw.jpg,高端轻奢,3,5,4,2,5
O1CN01QqAZyI2Ke9Q3PtHYq_!!770899581-0-alimamazszw.jpg,喜庆感,3,5,4,3,4
O1CN01R3PsDn1EXNhFRMcbr_!!3699830361-0-alimamazszw.jpg,简约商务,3,5,4,2,5
O1CN01nBdDo21k8i3oKIQ8Y_!!2905954639-0-alimamazszw.jpg,科技感,4,5,2,4,5
O1CN01HV98Cb1rj4opYmbnK_!!2201483525666-0-alimamazszw.jpg,科技感,4,5,2,3,5
O1CN01oqkzyE1RYpw7lkKCr_!!3694752124-0-alimamazszw.jpg,简约商务,3,5,3,3,5
O1CN01n6p3a81cXssFiZYmN_!!2207975243611-0-alimamazszw.jpg,喜庆感,4,5,3,3,4
O1CN01SFoKEd1ylYH3cxsOM_!!2211365656619-0-alimamazszw.jpg,喜庆感,4,5,3,3,4
O1CN015PjgBJ2LpQmHN5jfN_!!53949741-0-alimamazszw.jpg,简约商务,3,5,4,3,5
O1CN010IfcCt1TGB1pMy7U5_!!3077102354-0-alimamazszw.jpg,高端轻奢,3,5,4,3,5
O1CN01QM5W181JUF3hQrdp4_!!2208078201031-0-alimamazszw.jpg,简约商务,4,5,5,4,5
O1CN01GJs8F61nCmQCr0GQS_!!2207877035054-0-alimamazszw.jpg,科技感,3,5,2,3,5
O1CN01JJbcTe2214WGsJoov_!!3990497059-0-alimamazszw.jpg,高端轻奢,3,5,5,2,5
O1CN01bUOmOW1Qz73svG1fP_!!4000642046-0-alimamazszw.jpg,高端轻奢,2,5,5,1,5
O1CN01YKq5eO1D2PI8STZyi_!!1999920158-0-alimamazszw.jpg,简约商务,3,5,5,2,5
O1CN014K2C4o1IdZV4uzpq0_!!2089100916-0-alimamazszw.jpg,简约商务,3,5,5,3,5
O1CN013X5Ar72KD82miug1H_!!2208291429522-0-alimamazszw.jpg,科技感,2,5,2,2,5
O1CN01F5ESyN2KYedUJnlH8_!!2236189569-0-alimamazszw.jpg,高端轻奢,4,5,4,3,5
O1CN011PfXEs1SO8IFC7Xzu_!!2208977172236-0-alimamazszw.jpg,简约商务,3,5,5,2,5
O1CN01EeS4uE2643Zhx32Hd_!!3199387607-0-alimamazszw.jpg,简约商务,2,5,5,2,5
pexels-photo-6732388.jpeg,时尚感,2,5,2,1,4
O1CN01hSIb6n1tO7vr1xQKb_!!114085891-0-alimamazszw.jpg,简约商务,4,5,4,3,5
O1CN01UNM9FB1zqQ4rXI9jG_!!2211655896765-0-alimamazszw.jpg,科技感,4,5,3,3,5
O1CN01tExCXm2BAzebZHMs7_!!3314768299-0-alimamazszw.jpg,高端轻奢,3,5,3,3,5
O1CN012czNVB20y2IdyTA08_!!3663526917-0-alimamazszw.jpg,喜庆感,3,5,3,3,4
O1CN017zmtSy1vL2TPgoaMK_!!114016155-0-alimamazszw.jpg,简约商务,4,5,4,3,5
O1CN01HpriaI29oGMQEjMch_!!2210270098114-0-alimamazszw.jpg,简约商务,3,5,4,3,5
O1CN01rdvtJI1n4XIchyIen_!!746195036-0-alimamazszw.jpg,高端轻奢,2,5,5,2,5
O1CN01ICwrQQ2LgjG2JX2Qq_!!4204429722-0-alimamazszw.jpg,简约商务,2,5,5,2,5
O1CN01Fza1CR1uuTWIiOywN_!!4260076097-0-alimamazszw.jpg,高端轻奢,3,5,4,2,5
pexels-photo-25391919.jpeg,高端轻奢,2,5,5,2,5
O1CN01estm7i1mPm2oSRnT3_!!66154947-0-alimamazszw.jpg,高端轻奢,4,5,5,3,5
O1CN01jofhSK2Kv64L9iOns_!!2201418189618-0-alimamazszw.jpg,喜庆感,4,5,4,3,4
O1CN01egimhq1df2haKvGKa_!!2212251163762-0-alimamazszw.jpg,喜庆感,3,5,3,2,4
O1CN01iEeO1o1XJA4seZv1F_!!2201209122902-0-alimamazszw.jpg,简约商务,3,5,5,3,5
O1CN01V3QgZG1R0wdbANBp9_!!1951442050-0-alimamazszw.jpg,喜庆感,2,5,2,2,4
O1CN0142ebk42EOgLIBY8dj_!!2813588735-0-alimamazszw.jpg,高端轻奢,3,5,5,2,5
O1CN01xBPCFr1fE8g8EwQ84_!!775323974-0-alimamazszw.jpg,简约商务,3,5,5,3,5
O1CN016WcQAM1yBMyTgOBUr_!!2201235696540-0-alimamazszw.jpg,喜庆感,3,5,3,3,4
O1CN01cab5OI1nrXfz4j8Mk_!!2208159875143-0-alimamacc.jpg,喜庆感,3,5,4,2,4
O1CN01ezSkki1qnMuaBAQzs_!!1761495540-0-alimamazszw.jpg,简约商务,4,5,3,3,5
O1CN01HQJ5QE20dsqnCQpGQ_!!3626596873-0-alimamazszw.jpg,喜庆感,2,5,4,2,4
O1CN01rDJTRa2BUggiIgA1C_!!2210379248342-0-alimamazszw.jpg,高端轻奢,3,5,4,3,5
O1CN01EWe4MC1Xg3sPMiZ7F_!!67112952-0-alimamazszw.jpg,喜庆感,3,5,5,2,4
O1CN01HynTL81aE4XfA7gTt_!!2212197613297-0-alimamazszw.jpg,简约商务,3,5,5,3,5
pexels-photo-5625001.jpeg,喜庆感,3,5,4,2,4
O1CN01I1fGXC1nCK027XTke_!!2273775053-0-alimamazszw.jpg,高端轻奢,4,5,4,3,5
O1CN01TdRUa81XxvK5R7mGC_!!2210666052991-0-alimamazszw.jpg,简约商务,4,5,4,3,5
O1CN01e1hpJX2EmUuD50npD_!!1603608787-0-alimamazszw.jpg,高端轻奢,2,5,4,2,5
O1CN01tDmfkx2NLmLPker5R_!!2207291779947-0-alimamacc.jpg,高端轻奢,2,5,4,2,5
O1CN01zFd5401Xm11JcBl40_!!4096302965-0-alimamazszw.jpg,简约商务,3,5,5,3,5
O1CN01oeeh961FeXUsLtv1D_!!2210074040512-0-alimamazszw.jpg,高端轻奢,3,5,5,2,5
O1CN01xIXpTe1RW5YrBXWWF_!!3072172118-0-alimamazszw.jpg,喜庆感,3,5,1,3,4
O1CN01aiEGdh1UvgX9cKCMy_!!2201532632580-0-alimamazszw.jpg,高端轻奢,2,5,4,2,5
O1CN01J3aED71flZaEPGqgd_!!1653734047-0-alimamazszw.jpg,简约商务,3,5,5,3,5
O1CN01kezXrR1bcdNe2pAUq_!!2212300333486-0-alimamazszw.jpg,喜庆感,3,5,3,3,4
O1CN01VZ4mJ11cZiU8Mb0jR_!!429413615-0-alimamazszw.jpg,高端轻奢,4,5,3,3,5
O1CN01KTyPPt1Pji6RTrDY3_!!2201295161877-0-alimamazszw.jpg,高端轻奢,2,5,4,2,5
O1CN012BUqmp1zS95Lo3a9l_!!4070516712-0-alimamazszw.jpg,科技感,3,5,3,3,5
O1CN01WYO2Lj1IdZVJlhVKI_!!2089100916-0-alimamazszw.jpg,高端轻奢,2,5,5,2,5
O1CN01WOczeJ1qnMuttT5v4_!!1761495540-0-alimamazszw.jpg,简约商务,2,5,5,2,5
O1CN01Le5PIW26uGixnl8VH_!!2183027721-0-alimamazszw.jpg,高端轻奢,2,5,5,2,5
O1CN01R0baz41GEGNz4qVfI_!!701930590-0-alimamazszw.jpg,科技感,3,5,3,3,5
O1CN01xQm8Xi1JCpzADzO2r_!!2211570000993-0-alimamazszw.jpg,简约商务,3,5,5,3,5
O1CN01l0GdkZ1IdZUxLrg2G_!!2089100916-0-alimamazszw.jpg,简约商务,3,5,5,3,5
O1CN014rbTct1UkEe36KZLZ_!!773172555-0-alimamazszw.jpg,科技感,3,5,3,2,5
O1CN01XjfSjm2LyahFhWYMC_!!2965419761-0-alimamazszw.jpg,简约商务,4,5,5,3,5
pexels-photo-7948086.jpeg,时尚感,4,5,2,3,4
O1CN01UMWdgd1SHGMl4BoiH_!!1778382221-0-alimamazszw.jpg,喜庆感,2,5,3,2,4
pexels-photo-36279934.jpeg,复古国风,2,5,2,2,3
O1CN01kmcxd31UPcp6D3uWO_!!2433112510-0-alimamazszw.jpg,简约商务,4,5,5,3,5
O1CN01sd9HQZ1pkn4aUlaOM_!!3175405399-0-alimamazszw.jpg,高端轻奢,4,5,5,3,5
O1CN01GMXWJ31N1AMOBlCfd_!!2939221509-0-alimamazszw.jpg,高端轻奢,4,5,5,4,5
O1CN01hfTq3U29zFtWuLF4c_!!1714128138-0-alimamazszw.jpg,高端轻奢,2,5,4,2,5
O1CN01RusYZn1l0klsQy13x_!!2209551124757-0-alimamazszw.jpg,简约商务,3,5,5,2,5
O1CN01T6Kwfn1xh8o8QXm7S_!!2259016474-0-alimamazszw.jpg,科技感,3,5,3,2,5
O1CN01F21F382MV6o8fZRvF_!!3172549832-0-alimamazszw.jpg,高端轻奢,2,5,4,2,5
O1CN01J0S9PP24NdG992Y8g_!!2201434417379-0-alimamazszw.jpg,简约商务,3,5,3,3,5
O1CN01HHdNwR1c0RyOc6Fr2_!!3191823538-0-alimamazszw.jpg,简约商务,3,5,5,3,5
O1CN01fTTbJY1yr313gCPyC_!!1993936631-0-alimamazszw.jpg,简约商务,4,5,4,3,5
O1CN011TYZJz1LYTwS9dgGq_!!2957921311-0-alimamazszw.jpg,喜庆感,3,5,3,3,4
O1CN01ieeuk91QWG6NLtQYd_!!520391983-0-alimamazszw.jpg,简约商务,3,5,5,3,5
O1CN01nKDh5N2JKcuZpC9a7_!!2374579403-0-alimamazszw.jpg,简约商务,3,5,5,3,5
O1CN01im96Ka1RPDdYyfXpJ_!!2210516382103-0-alimamazszw.jpg,科技感,2,5,2,2,5
O1CN01NVWiqp1C1f1F4w02Z_!!831650021-0-alimamazszw.jpg,喜庆感,3,5,3,3,4
O1CN01h3b3pH1EDEFuvRHBw_!!3326160317-0-alimamazszw.jpg,简约商务,4,5,5,4,5
O1CN01ZALKCW1M5SSbaNYze_!!2209262511383-0-alimamazszw.jpg,喜庆感,4,5,4,3,4
O1CN01W7ix0d1To4LijKWqq_!!2200828292428-0-alimamazszw.jpg,高端轻奢,2,5,5,2,5
O1CN01Eq64HD2CLodZnG3Dy_!!2058238458-0-alimamazszw.jpg,喜庆感,3,5,3,2,4
O1CN018sb8QM2AFk9FCY6lO_!!2780398174-0-alimamazszw.jpg,简约商务,3,5,5,2,5
O1CN01wiu72V1b5CU49KVjp_!!3512253413-0-alimamazszw.jpg,科技感,3,5,3,3,5
O1CN01LTNwKy1HcpDouIq2J_!!1813340779-0-alimamazszw.jpg,简约商务,3,5,5,3,5
O1CN01UxF7g92COYzU7P6fJ_!!2210144838464-0-alimamazszw.jpg,科技感,3,5,4,3,5
O1CN01xnw94927OUro9g3AB_!!2208065117787-0-alimamazszw.jpg,简约商务,3,5,3,2,5
O1CN014CEYgm2DSW1I7nYtJ_!!3020948608-0-alimamazszw.jpg,科技感,4,5,3,3,5
O1CN016RXYwT20AZW5u2iGU_!!2207522336809-0-alimamazszw.jpg,简约商务,2,5,5,2,5
O1CN01sSoqQh1jJPgntpzFS_!!737934527-0-alimamazszw.jpg,喜庆感,3,5,3,2,4
O1CN01YSIgrZ1KebcuLbw97_!!2938691189-0-alimamazszw.jpg,高端轻奢,3,5,5,2,5
O1CN01Xa9hJo1WKFPppUCp9_!!2957642769-0-alimamazszw.jpg,高端轻奢,3,5,5,3,5
O1CN01r9OPNH1w30Vqrb31E_!!2224996251-0-alimamazszw.jpg,高端轻奢,3,5,4,2,5
pexels-photo-13661208.jpeg,科技感,4,5,3,4,5
pexels-photo-10880533.jpeg,高端轻奢,2,5,3,2,5
O1CN0114pjkv2JZjxsvw0R5_!!103399436-0-alimamazszw.jpg,简约商务,3,5,5,3,5
O1CN0195tnkU1ODouedjM7A_!!2208024131672-0-alimamazszw.jpg,喜庆感,3,5,2,2,4
O1CN01CnUlb31H4182izjjh_!!359820703-0-alimamazszw.jpg,简约商务,3,5,5,2,5
O1CN016jRaRj1fJdPTD3tay_!!2208531843986-0-alimamazszw.jpg,简约商务,2,5,5,2,5
O1CN01EQfrgD2CSgZn0GQgn_!!2250298473-0-alimamazszw.jpg,简约商务,3,5,4,3,5
O1CN01tEcTxu1RZILIEkYBE_!!832272125-0-alimamazszw.jpg,简约商务,4,5,5,3,5
O1CN01HGibwr1EATrAYx6B1_!!2201196960311-0-alimamazszw.jpg,简约商务,4,5,4,3,5
O1CN019a0a1k25GamueSQBH_!!533497499-0-alimamazszw.jpg,简约商务,2,5,5,2,5
O1CN01B2hfA21al33glwdW3_!!2207243493369-0-alimamazszw.jpg,喜庆感,3,5,1,3,4
O1CN01jyFXhp2IGDU7peCIR_!!2533059258-0-alimamazszw.jpg,高端轻奢,3,5,5,3,5
pexels-photo-31041721.jpeg,时尚感,3,5,4,3,4
O1CN01mES0GD1M6pcvdZcS5_!!3519791386-0-alimamazszw.jpg,简约商务,3,5,5,3,5
O1CN01uYZjNy2EQVvN0OBX9_!!1807528739-0-alimamazszw.jpg,喜庆感,3,5,3,2,4
O1CN01fTZFsf1Lalu97Sb9y_!!2135871316-0-alimamazszw.jpg,简约商务,3,5,3,3,5
O1CN0165Wlfw1prf0XLuvjD_!!2200654305414-0-alimamazszw.jpg,简约商务,2,5,5,2,5
O1CN019VBXEh1D2rgBFWqeV_!!2907650159-0-alimamazszw.jpg,简约商务,3,5,5,2,5
O1CN010pF4Bi2FpzZKdsmnF_!!2260548930-0-alimamazszw.jpg,科技感,3,5,2,3,5
O1CN01uorU8n1hWZr50em2l_!!2207927654285-0-alimamazszw.jpg,简约商务,3,5,5,3,5
pexels-photo-15190738.jpeg,复古国风,3,5,2,2,3
O1CN01XAuKmm1et4QNukUVv_!!3233823928-0-alimamazszw.jpg,卡通童趣,4,5,3,4,3
O1CN01vVXzpW1iV28WQMB0j_!!3157354417-0-alimamazszw.jpg,简约商务,3,5,5,2,5
O1CN019eda8Y2J7LPmBvBm2_!!3345009374-0-alimamazszw.jpg,科技感,3,5,2,2,5
O1CN01em9G9x1NzceZvMssI_!!2209850871641-0-alimamazszw.jpg,科技感,2,5,2,2,5
O1CN01KHph4l1vctwnuewW1_!!92686194-0-alimamazszw.jpg,简约商务,2,5,5,2,5
O1CN01HpKpR12BbYc11SWtH_!!2209679988357-0-alimamazszw.jpg,高端轻奢,3,5,5,3,5
O1CN01qreRat1uuTWctEKVT_!!4260076097-0-alimamazszw.jpg,高端轻奢,2,5,4,2,5
O1CN01ijTNTd1mPm2yeGweo_!!66154947-0-alimamazszw.jpg,高端轻奢,4,5,5,3,5
O1CN0148rGS7278Syve9sV1_!!671207752-0-alimamazszw.jpg,简约商务,3,5,5,2,5
O1CN01WJveej1W4fvpdws1N_!!1768562735-0-alimamazszw.jpg,高端轻奢,2,5,5,2,5
O1CN01ttelj81To4MDpC2Vp_!!2200828292428-0-alimamazszw.jpg,高端轻奢,2,5,5,2,5
O1CN01UIo6992ISa94D8STH_!!2261059285-0-alimamazszw.jpg,简约商务,3,5,4,3,5
O1CN01tTroY525GaoMl4UGH_!!533497499-0-alimamazszw.jpg,高端轻奢,3,5,4,2,5
O1CN01TsqQNr1Oov0svOngD_!!390561753-0-alimamazszw.jpg,简约商务,4,5,5,3,5
pexels-photo-30756266.jpeg,时尚感,3,5,4,3,4
O1CN01tbIVvN1a7Ca4NNbtV_!!2209649783282-0-alimamazszw.jpg,简约商务,3,5,4,3,5
O1CN01C84k5M24HDjpOAKyX_!!2200621067365-0-alimamazszw.jpg,喜庆感,3,5,1,2,4
O1CN01QU1dwI1Nu7s1oL72I_!!2210305111629-0-alimamazszw.jpg,高端轻奢,2,5,5,2,5
O1CN01GO9fqd1DfnLbCZFCe_!!3217310244-0-alimamazszw.jpg,简约商务,3,5,4,3,5
O1CN01uvz0hQ1FHdgM6eM3T_!!4166510462-0-alimamazszw.jpg,简约商务,3,5,5,2,5
O1CN01P8VVB82HRpug7zPls_!!3599799148-0-alimamazszw.jpg,喜庆感,4,5,3,3,4
O1CN019OYFHL278Sypy92rL_!!671207752-0-alimamazszw.jpg,简约商务,3,5,5,2,5
O1CN01rPXw4r1yLu5u3XFmJ_!!2231366563-0-alimamazszw.jpg,喜庆感,4,5,2,3,4
O1CN01tSrtwW1MjlIxREe41_!!2211615081471-0-alimamazszw.jpg,简约商务,2,5,5,2,5
O1CN016jjeiz1NtD6wKzfzk_!!2241881627-0-alimamazszw.jpg,高端轻奢,3,5,4,3,5
O1CN0145ydbu1Z558CKoVdO_!!2208605913142-0-alimamazszw.jpg,科技感,3,5,3,3,5
O1CN01MZJorI1GiwuJ00qwf_!!3426130657-0-alimamazszw.jpg,简约商务,4,5,4,3,5
O1CN01rQ5AzT1cc0TItPn74_!!2089933620-0-alimamazszw.jpg,科技感,3,5,3,2,5
O1CN0135s4LE22j2YxgeyNt_!!2979257155-0-alimamazszw.jpg,高端轻奢,3,5,4,3,5
O1CN01IrdBZl1eOqJhmwsmU_!!2200786903862-0-alimamazszw.jpg,简约商务,3,5,5,2,5
O1CN01TBwwXG1ngYA92C5sv_!!2206460895119-0-alimamazszw.jpg,高端轻奢,4,5,5,3,5
O1CN01Hyw6AJ26vBWGWFJg0_!!2209525807723-0-alimamazszw.jpg,喜庆感,4,5,3,3,4
O1CN01Wr9tmN1LXZ7x9WzGQ_!!1986081309-0-alimamazszw.jpg,高端轻奢,2,5,4,2,5
O1CN01Velzbv1LUomHsdFUL_!!217101303-0-alimamazszw.jpg,高端轻奢,2,5,5,2,5
O1CN01aMzZPk2AZRAgyNITQ_!!1646228217-0-alimamazszw.jpg,简约商务,2,5,4,2,5
pexels-photo-5625053.jpeg,喜庆感,2,5,5,2,4
O1CN01SyRmpt29UZL7o0SAh_!!1691788071-0-alimamazszw.jpg,科技感,3,5,3,3,5
O1CN01oKIaNd1NKP0CE9bAn_!!13901551-0-alimamazszw.jpg,高端轻奢,4,5,3,3,5
O1CN01jx2lFE1E7jVproDgs_!!2181920305-0-alimamazszw.jpg,简约商务,3,5,4,3,5
O1CN01oD5aIN1R8GzK2hmAI_!!857532066-0-alimamazszw.jpg,喜庆感,2,5,4,2,4
O1CN01U9GvOE1VVPRxoB0cD_!!3236042658-0-alimamazszw.jpg,简约商务,3,5,5,3,5
O1CN01kHTFDW1CsmyDL1jkT_!!3439830137-0-alimamazszw.jpg,高端轻奢,3,5,5,2,5
O1CN01LzVnk51ykB3qpT0iZ_!!2200788526616-0-alimamazszw.jpg,简约商务,2,5,5,2,5
O1CN01i8Xm401mOrDXABNOy_!!3020814945-0-alimamazszw.jpg,简约商务,3,5,5,2,5
O1CN01Vwjtq91ueu3mJrzun_!!2871416063-0-alimamazszw.jpg,简约商务,3,5,5,3,5
O1CN0113WwMo28x8Rc6xxlt_!!2702667998-0-alimamazszw.jpg,简约商务,3,5,5,2,5
O1CN01roEiNh1wMhWv3VB3s_!!2211756196294-0-alimamazszw.jpg,简约商务,3,5,4,3,5
O1CN01S05NLT2G3H3vJhWkQ_!!1975328959-0-alimamazszw.jpg,喜庆感,3,5,4,2,4
O1CN01klun0U1CYdWPG31vs_!!3421900093-0-alimamazszw.jpg,喜庆感,3,5,4,2,4
O1CN01Kqndya1vQXEACXsst_!!2613416167-0-alimamazszw.jpg,时尚感,3,5,2,3,4
O1CN01bUqOki1RhXSHVIJxZ_!!2256022143-0-alimamazszw.jpg,简约商务,3,5,5,2,5
O1CN01gC8Tr01BySFLMnEfM_!!508370014-0-alimamazszw.jpg,简约商务,3,5,5,2,5
O1CN01L9NLdo1ktsp7ccqmp_!!2200660494742-0-alimamazszw.jpg,简约商务,4,5,5,3,5
O1CN01i3kCAj2Gm9sNzfr9x_!!2200710319057-0-alimamazszw.jpg,高端轻奢,3,5,5,3,5
O1CN01LxabPo1LwIY5DJHQ0_!!3158061363-0-alimamazszw.jpg,卡通童趣,3,5,3,2,3
O1CN01SRjXrM1dWL97EXFzc_!!3586173743-0-alimamazszw.jpg,科技感,3,5,2,3,5
O1CN01TYg8Jd1R0wdsnethW_!!1951442050-0-alimamazszw.jpg,科技感,2,5,3,2,5
O1CN018r11Eo1uPKaqsvTmE_!!812046029-0-alimamazszw.jpg,简约商务,4,5,5,3,5
O1CN01Uq5a2Z23YnJRVu82F_!!3245617268-0-alimamazszw.jpg,高端轻奢,2,5,4,2,5
O1CN01IHci8Y1TfpE9tdp0c_!!2204098622410-0-alimamazszw.jpg,简约商务,4,5,5,3,5
O1CN01efX84J224HJCfskUp_!!2191867066-0-alimamazszw.jpg,简约商务,4,5,5,3,5
O1CN01oMCAwZ1rsh7AyePu0_!!740145687-0-alimamazszw.jpg,喜庆感,3,5,3,2,4
O1CN01ztNdEq1j15p6B0TdU_!!2207875404487-0-alimamazszw.jpg,高端轻奢,3,5,5,2,5
O1CN01PVsLPU1IpwBZQIsuj_!!3077160943-0-alimamazszw.jpg,简约商务,4,5,5,3,5
O1CN0147Yjk51ZAZsAEUstv_!!2894613154-0-alimamazszw.jpg,高端轻奢,3,5,5,2,5
O1CN01KmL0Gb1w30VY7QjAj_!!2224996251-0-alimamazszw.jpg,高端轻奢,2,5,4,2,5
O1CN01AKLyLr1aa3X00FXsD_!!648553345-0-alimamazszw.jpg,简约商务,3,5,5,3,5
O1CN01Y8BlvZ2CLocuoa3MW_!!2058238458-0-alimamazszw.jpg,简约商务,3,5,4,2,5
O1CN010H1jqO1NRjJNIWva7_!!2404011567-0-alimamazszw.jpg,高端轻奢,2,5,5,2,5
O1CN011CRbW41GH0lARqZWz_!!2527890596-0-alimamazszw.jpg,科技感,3,5,2,3,5
O1CN01Md9Xq51YfQxiiZP7s_!!828233086-0-alimamazszw.jpg,简约商务,2,5,5,2,5
O1CN01vZN3Hz254gVq1926n_!!2096557473-2-alimamazszw.png,喜庆感,4,5,3,3,4
O1CN01R71vYQ1giCHNoVA3a_!!2211265374175-0-alimamacc.jpg,高端轻奢,3,5,5,3,5
O1CN01Jqn5mi2HQSiplJBQz_!!2097409145-0-alimamazszw.jpg,高端轻奢,2,5,4,2,5
O1CN01swTQUM1h1QtwMxoS6_!!2206397234217-0-alimamazszw.jpg,科技感,4,5,2,3,5
O1CN019l2xPN1gTzzFnVknS_!!2824264144-0-alimamazszw.jpg,喜庆感,2,5,2,2,4
pexels-photo-11174628.jpeg,复古国风,4,5,3,3,3
O1CN01eOuocq245JP0JmFh8_!!4047667339-0-alimamazszw.jpg,喜庆感,4,5,2,3,4
O1CN01AoxWsy1NDX4OIKu7W_!!1060831536-0-alimamazszw.jpg,喜庆感,3,5,3,3,4
O1CN01vG5T0z1bu2QZQTWNM_!!2210377323524-0-alimamazszw.jpg,科技感,2,5,4,2,5
O1CN01oHnEYU1CKterg3k0K_!!2456840063-0-alimamazszw.jpg,高端轻奢,3,5,4,3,5
O1CN01qVvXRv1NxKeMF1lGg_!!2208757581636-0-alimamazszw.jpg,简约商务,2,5,5,2,5
O1CN01OmEmNq1gZ2Ku4YFCi_!!1801844155-0-alimamazszw.jpg,高端轻奢,3,5,4,2,5
O1CN01n4fUun29NhPUCdAgt_!!729998056-0-alimamazszw.jpg,简约商务,3,5,5,3,5
O1CN01Dg1Xvt1HlWkwMUPBc_!!2032840798-0-alimamazszw.jpg,高端轻奢,3,5,4,2,5
O1CN01Zz9qiO1YfQxyVzRVD_!!828233086-0-alimamazszw.jpg,简约商务,3,5,5,3,5
O1CN01MxU7ah1de7uZS2rPv_!!2200800853760-0-alimamazszw.jpg,卡通童趣,3,5,3,3,3
O1CN01hYaGOf2BA4rn1FrUs_!!3838638297-0-alimamazszw.jpg,简约商务,2,5,5,2,5
O1CN01eck67m1NcGSHHa20t_!!409791590-0-alimamazszw.jpg,高端轻奢,3,5,4,3,5
O1CN01AtVLUX27OUrdcWeCd_!!2208065117787-0-alimamazszw.jpg,高端轻奢,3,5,4,2,5
O1CN01Xe45IZ1QZvHLKz2vS_!!3423531991-0-alimamazszw.jpg,喜庆感,3,5,4,3,4
O1CN01EyF0Zu1Nu7thVBpai_!!2210305111629-0-alimamazszw.jpg,简约商务,2,5,5,2,5
O1CN01yvJSHr1H0LynnoDeM_!!2207491500695-0-alimamazszw.jpg,高端轻奢,3,5,3,3,5
O1CN01gArlXE1gWHz46Epkb_!!197024149-0-alimamazszw.jpg,简约商务,2,5,5,2,5
O1CN01LTlzYu1WkoNZRLBVB_!!2064892827-0-alimamazszw.jpg,高端轻奢,3,5,4,3,5
O1CN01d57aC21agT6GCpsNy_!!1598663359-0-alimamazszw.jpg,高端轻奢,3,5,5,2,5
O1CN01c6lI6Q1KMHnFiitti_!!2212377801149-0-alimamazszw.jpg,简约商务,4,5,5,3,5
O1CN016S6PgR1zOwKjrNvCc_!!3392536705-0-alimamazszw.jpg,科技感,3,5,3,3,5
pexels-photo-17331475.jpeg,高端轻奢,4,5,5,3,5
O1CN012yPo7B223ov0F6ti2_!!715577065-0-alimamazszw.jpg,高端轻奢,3,5,4,3,5
O1CN01J2yJTz26iopSQjnBF_!!2200767417696-0-alimamazszw.jpg,高端轻奢,3,5,5,2,5
O1CN01Ls51FN28CQ33caVtw_!!2210469357896-0-alimamazszw.jpg,喜庆感,3,5,3,3,4
O1CN01HppQuz1kNMj9Q6V9I_!!2560464671-0-alimamazszw.jpg,高端轻奢,3,5,5,2,5
O1CN01BlprOX20GWdf5P1Ht_!!2207917066822-0-alimamazszw.jpg,高端轻奢,3,5,4,2,5
O1CN01yDmJ0f1yTgoHGQYG4_!!2207310996580-0-alimamazszw.jpg,高端轻奢,2,5,5,1,5
O1CN01EbKKCI1hre4HiLL7q_!!2022924331-0-alimamazszw.jpg,简约商务,3,5,4,3,5
O1CN01SEF93H1DM6IkrE6wI_!!2206366640201-0-alimamazszw.jpg,高端轻奢,2,5,5,2,5
O1CN010ngTSf24rrOmQ1mfA_!!2912517445-0-alimamazszw.jpg,高端轻奢,3,5,4,2,5
O1CN01j3Rc2M2DkptHbCcI4_!!2210212658648-0-alimamazszw.jpg,高端轻奢,4,5,5,3,5
O1CN01LwVinL1PcNmu3kUO5_!!4288401861-0-alimamazszw.jpg,喜庆感,3,5,4,3,4
O1CN0161eMHr1UiP4a4bFJn_!!1105122551-2-alimamacc.png,简约商务,3,5,4,3,5
O1CN01fHDJuo1zC7E1REJOD_!!3307596677-0-alimamazszw.jpg,简约商务,3,5,5,2,5
O1CN01mEhSOY1yFwvq7fCg5_!!2958676550-0-alimamazszw.jpg,简约商务,3,5,5,3,5
O1CN011oiGkv1Zx7qd5yUd4_!!2201298713260-0-alimamazszw.jpg,喜庆感,3,5,3,2,4
O1CN017eJPXT1QWiVI7ixeX_!!4072071984-0-alimamazszw.jpg,高端轻奢,3,5,4,3,5
O1CN01VOm7Zu1s1r3JLNJzv_!!2574635707-0-alimamazszw.jpg,高端轻奢,3,5,4,3,5
O1CN01swh1L91kWz2SNZ6ue_!!4058644692-0-alimamazszw.jpg,简约商务,2,5,5,2,5
O1CN01DJ9Fn61ieC3UuLbhf_!!2211956594437-0-alimamazszw.jpg,简约商务,2,5,5,2,5
O1CN01UUm73W1yE7LGjUT7h_!!2207967876546-0-alimamazszw.jpg,高端轻奢,2,5,5,2,5
O1CN011dRAot2I2w0EkjzIt_!!919309229-0-alimamazszw.jpg,高端轻奢,2,5,5,2,5
pexels-photo-19479450.jpeg,时尚感,2,5,3,2,4
O1CN01dJSgFn1bt7dYqQdaB_!!2937363522-0-alimamazszw.jpg,简约商务,3,5,4,3,5
O1CN01DVowoq2HiK940GaXH_!!89169184-0-alimamazszw.jpg,高端轻奢,2,5,5,2,5
O1CN01VJKTHP24YclPkqUR3_!!2003267403-0-alimamazszw.jpg,简约商务,2,5,5,2,5
O1CN01w0opcL26MNP4s1hZD_!!2206521057647-0-alimamazszw.jpg,简约商务,3,5,5,3,5
O1CN01zwzmgg1y37qRSA9Ht_!!2208415136522-0-alimamazszw.jpg,简约商务,2,5,5,2,5
O1CN01RsA3te1wO4iVthPt9_!!2208564756297-0-alimamazszw.jpg,喜庆感,3,5,3,3,4
O1CN01FX1yI21vnR0wwcucC_!!2206523146217-0-alimamazszw.jpg,科技感,3,5,2,3,5
O1CN01U7YBRY1NhlBL9jIvx_!!2209975971602-0-alimamazszw.jpg,简约商务,4,5,5,3,5
O1CN01Biys8H1uZrgy4zRQ6_!!298536052-0-alimamazszw.jpg,简约商务,3,5,3,3,5
O1CN01BTiGCs2EUB5koLJk4_!!1791978747-0-alimamazszw.jpg,简约商务,5,5,4,4,5
O1CN01DcH1PV1tijl56kHD8_!!3680695936-0-alimamazszw.jpg,高端轻奢,2,5,5,2,5
O1CN01NMHRC32Iewq2aoFie_!!2791629312-0-alimamazszw.jpg,喜庆感,2,5,4,2,4
O1CN01Tu1MhX1aTBbP1tX4c_!!1716103330-0-alimamazszw.jpg,简约商务,3,5,5,3,5
O1CN0158aflB1ju3NzVMdqX_!!2200657214607-0-alimamazszw.jpg,高端轻奢,3,5,5,2,5
O1CN01tG5Ilx1m8pNqExWps_!!34224910-0-alimamazszw.jpg,简约商务,2,5,5,2,5
O1CN019Fwj5X1oPQy0uKAEw_!!2207924995217-0-alimamazszw.jpg,时尚感,4,5,2,3,4
O1CN018ZsXZD24RIQYFUkXu_!!923757387-0-alimamazszw.jpg,高端轻奢,2,5,4,2,5
O1CN018orTaB1Ztv6NCPyqW_!!2207964723253-0-alimamazszw.jpg,高端轻奢,2,5,4,2,5
O1CN01oCDiyY1PMoIxL6Xkj_!!1969171827-0-alimamazszw.jpg,简约商务,3,5,4,2,5
O1CN01o0aqUM2Chne9IVRba_!!2200630458506-0-alimamazszw.jpg,高端轻奢,3,5,5,2,5
O1CN01DJ7yVV2Mej9AicFUx_!!3951969853-0-alimamazszw.jpg,简约商务,2,5,5,2,5
O1CN01gQUDsZ1zEPCPZhM6Q_!!2159616682-0-alimamazszw.jpg,简约商务,4,5,3,3,5
O1CN01BpvqMC1ZUGw8gKB9D_!!2208529033197-0-alimamazszw.jpg,高端轻奢,3,5,4,2,5
O1CN01YXvWzL1qmS5vSt9tc_!!545895538-0-alimamacc.jpg,喜庆感,4,5,2,3,4
O1CN01WgL0FI1XolOlkINyV_!!2208997502971-0-alimamazszw.jpg,简约商务,3,5,5,2,5
pexels-photo-34482960.png,简约商务,4,5,5,3,5
O1CN01nPadKp1Io6b3Uf6yw_!!4113350939-0-alimamazszw.jpg,科技感,2,5,2,2,5
O1CN01vBThrs1QTVj5oTQTc_!!69161977-0-alimamazszw.jpg,喜庆感,3,5,3,3,4
O1CN01tEtDWg1C3UcKi82YF_!!2209849900025-0-alimamazszw.jpg,喜庆感,3,5,3,3,4
O1CN01Dwyq5Q1NGHR4oVg5o_!!3933111542-0-alimamazszw.jpg,高端轻奢,3,5,5,2,5
O1CN01wsyIUg1bQj5WuDzej_!!1776683460-0-alimamazszw.jpg,科技感,3,5,3,3,5
O1CN01HmR7172BySQsQ4SNB_!!687718407-0-alimamazszw.jpg,时尚感,4,5,2,3,4
O1CN01sdWXWI1IOup5PBpC3_!!389960884-0-alimamazszw.jpg,简约商务,2,5,5,2,5
O1CN01kHaeu722N3WmZbE4J_!!2201507067107-0-alimamazszw.jpg,高端轻奢,4,5,4,3,5
O1CN01Oh5rnL1uIv1tFLvYf_!!140896015-0-alimamazszw.jpg,高端轻奢,3,5,5,3,5
O1CN01abVw1c1garwqT9gVk_!!2212131514159-0-alimamazszw.jpg,简约商务,3,5,4,2,5
O1CN01Lw26fL1RPDdRNFtMy_!!2204109362103-0-alimamazszw.jpg,高端轻奢,3,5,5,2,5
O1CN01e48U9K1wqTGMK1goF_!!2102126359-0-alimamazszw.jpg,简约商务,4,5,5,4,5
O1CN01aIL9882Iewr5xW1Ac_!!2791629312-0-alimamazszw.jpg,简约商务,2,5,5,2,5
O1CN01dGFbrH1XhR45mrBfT_!!2330392955-0-alimamazszw.jpg,喜庆感,3,5,2,2,4
O1CN0190nmE21i7DWfxgQY2_!!60204365-0-alimamazszw.jpg,简约商务,3,5,5,3,5
O1CN01MZa9CZ1raNISlWEFw_!!1050505647-0-alimamazszw.jpg,简约商务,3,5,4,2,5
O1CN01GcgzS92AC4zDALAgZ_!!2200648138166-0-alimamazszw.jpg,卡通童趣,3,5,2,3,3
O1CN01x18ehT2Cdg4os1LtI_!!4100368497-0-alimamazszw.jpg,简约商务,3,5,4,3,5
pexels-photo-7233378.jpeg,高端轻奢,3,5,5,3,5
O1CN01YRDQcO1qARFGYryvX_!!2208657215455-0-alimamazszw.jpg,简约商务,3,5,5,2,5
O1CN01oIGXtD1waROOhKjYM_!!2524376324-0-alimamazszw.jpg,高端轻奢,3,5,4,3,5
O1CN017YAy4S1b3MtNSUgSi_!!605623409-0-alimamazszw.jpg,喜庆感,4,5,2,3,4
pexels-photo-29619152.jpeg,复古国风,2,5,3,2,3
O1CN01ZUageU1LGcV6DlXbX_!!616171272-0-alimamazszw.jpg,科技感,4,5,3,3,5
O1CN016Qrdqy2KJ5BcgzWQW_!!1755029535-0-alimamazszw.jpg,高端轻奢,2,5,5,2,5
O1CN01sfvri01wbMCczsX9P_!!2574946326-0-alimamazszw.jpg,简约商务,3,5,4,2,5
O1CN01E15Z7l1gIY6V6nEEl_!!2206387604119-2-alimamazszw.png,简约商务,4,5,5,3,5
O1CN013q3QtT1y7ho7isdoy_!!2208063496532-0-alimamazszw.jpg,高端轻奢,2,5,4,2,5
O1CN01VfHIv91y37qTGwjg3_!!2208415136522-0-alimamazszw.jpg,高端轻奢,2,5,5,2,5
O1CN01BRIJyh1rOvO13cpfB_!!3350465622-0-alimamazszw.jpg,简约商务,3,5,5,3,5
O1CN01u2DOqU1XXMMk3lXXg_!!1603022933-0-alimamazszw.jpg,喜庆感,3,5,2,3,4
O1CN01xae9yh1lP1myGeynV_!!444864810-0-alimamazszw.jpg,高端轻奢,4,5,5,3,5
O1CN01c9w9MW23UfkC2AoYi_!!3249887259-0-alimamazszw.jpg,科技感,2,5,3,2,5
pexels-photo-31484079.jpeg,复古国风,3,5,2,2,3
pexels-photo-5947543.jpeg,喜庆感,3,5,3,2,4
O1CN012PheGu2A3ppwMxHwZ_!!2206481358148-0-alimamazszw.jpg,高端轻奢,3,5,4,3,5
O1CN01oHMmAi27MCtZc7mpl_!!2210843787782-0-alimamazszw.jpg,喜庆感,2,5,2,2,4
O1CN01WcSRvN1NPtklZoENF_!!322201563-0-alimamazszw.jpg,简约商务,3,5,5,3,5
O1CN01RQ6O1r2CSgXbTtmHj_!!2250298473-0-alimamazszw.jpg,简约商务,3,5,5,3,5
O1CN01euODPR2723So38FV3_!!3345517738-0-alimamazszw.jpg,高端轻奢,4,5,4,3,5
O1CN012IEq6A2I73ZEcYen5_!!4004079238-0-alimamazszw.jpg,简约商务,3,5,5,2,5
O1CN01JwWKD51flZa3QezH5_!!1653734047-0-alimamazszw.jpg,简约商务,3,5,5,3,5
O1CN01Q2E4ti1s1r2OSFt38_!!4000265707-0-alimamazszw.jpg,简约商务,3,5,5,2,5
O1CN01ERxlxl1q6m3Ves0pF_!!430975447-0-alimamazszw.jpg,简约商务,3,5,5,2,5
O1CN018EBsx81uwlUohAKuG_!!3252796102-0-alimamazszw.jpg,简约商务,3,5,5,2,5
O1CN01VfOggY1MiqWC308Ud_!!925111469-0-alimamazszw.jpg,科技感,3,5,3,2,5
O1CN01kkWZaX1dPTFHu6n9U_!!1869303728-0-alimamazszw.jpg,高端轻奢,3,5,4,3,5
O1CN01tV98VV1OCu8N5hAUM_!!116091670-0-alimamazszw.jpg,简约商务,4,5,4,3,5
O1CN01SKh6Ia1h8lEF862UO_!!2208543804233-0-alimamazszw.jpg,简约商务,3,5,4,3,5
O1CN01B8HzFS1cA4Hbw3oUQ_!!2207845933559-0-alimamazszw.jpg,简约商务,3,5,5,3,5
O1CN01cP0QdN1KcJdwGShH0_!!2786311184-0-alimamazszw.jpg,简约商务,3,5,4,2,5
O1CN01KBgwIA1HlWlns9ziI_!!2211711760798-0-alimamazszw.jpg,高端轻奢,2,5,4,2,5
pexels-photo-27913444.jpeg,科技感,2,5,4,2,5
O1CN01iuXtzC1s6R150rfG0_!!4033595717-0-alimamazszw.jpg,简约商务,4,5,5,3,5
O1CN01huGqaP1ar0Ce8DiHD_!!2201188673382-0-alimamazszw.jpg,高端轻奢,3,5,4,3,5
O1CN01e2vkeV1Nqv6T8N7tz_!!2036791622-0-alimamazszw.jpg,高端轻奢,3,5,4,3,5
O1CN01ZjiGYh1iwyGz1QS6m_!!2113524478-0-alimamazszw.jpg,简约商务,3,5,5,2,5
O1CN01U6s8vc1YfQy69EGq4_!!828233086-0-alimamazszw.jpg,科技感,3,5,3,2,5
O1CN01cUmduX1N2zwljGKsu_!!2206400741513-0-alimamazszw.jpg,科技感,3,5,2,3,5
O1CN01CLCPz01xtxvMXlabt_!!3110006502-0-alimamazszw.jpg,高端轻奢,2,5,4,2,5
O1CN01CHJux61NqSjDdqIxZ_!!2209028691621-0-alimamacc.jpg,高端轻奢,2,5,4,2,5
O1CN01uyW89P1h03ivE7xEd_!!2200645834214-0-alimamazszw.jpg,简约商务,2,5,5,2,5
O1CN01FX86zs1Juo0p8XumX_!!2200716531089-0-alimamazszw.jpg,简约商务,3,5,5,2,5
O1CN011Wu25o29QuAcL7K2y_!!3459818063-0-alimamazszw.jpg,高端轻奢,4,5,5,4,5
O1CN01ZcDB3m1IRfCpMamhD_!!2210959790890-0-alimamazszw.jpg,简约商务,4,5,4,3,5
O1CN01Edsigx2MLwsnzR0tJ_!!2204161029812-0-alimamazszw.jpg,卡通童趣,3,5,2,3,3
O1CN01Amn7BZ1u2tAwyyCSN_!!2793765980-0-alimamazszw.jpg,简约商务,3,5,3,3,5
O1CN01tWWLHE2G3jQzkWfIb_!!3871378960-0-alimamazszw.jpg,简约商务,3,5,2,2,5
O1CN01090E2K2IpTwrsnKig_!!2200646859335-0-alimamazszw.jpg,简约商务,3,5,5,3,5
O1CN01i16jL31s2JSIMfBxl_!!865365708-0-alimamazszw.jpg,高端轻奢,2,5,4,2,5
O1CN01q0XeXk1tww1trshbd_!!2798015967-0-alimamazszw.jpg,喜庆感,3,5,2,3,4
O1CN01kTgYF31bfq9BOHh6R_!!876583493-0-alimamazszw.jpg,高端轻奢,3,5,4,3,5
O1CN01UEqyj61OyXKexveZ2_!!2902711774-0-alimamazszw.jpg,高端轻奢,2,5,5,2,5
O1CN018AjNB41j7xnGyZeaK_!!880734502-0-alimamazszw.jpg,高端轻奢,3,5,4,3,5
O1CN01G9Qw0z1gLksaK1HGT_!!615534126-0-alimamacc.jpg,高端轻奢,3,5,4,3,5
O1CN01GeNzqP1cF6ek4Z2gd_!!2263633570-0-alimamazszw.jpg,简约商务,3,5,5,3,5
O1CN01r3082B21iII3NMJ9W_!!2960757018-0-alimamazszw.jpg,简约商务,3,5,5,3,5
O1CN01nDtrrM1DB6nwqU73E_!!1892270177-0-alimamazszw.jpg,简约商务,4,5,5,3,5
O1CN0119wJxB1euu0dWtkIh_!!3538783932-0-alimamazszw.jpg,简约商务,4,5,5,3,5
O1CN01WHgRwh1flZZNJ8VuS_!!1653734047-0-alimamazszw.jpg,简约商务,3,5,5,3,5
O1CN01UILjrd27OUriFZ5ok_!!2208065117787-0-alimamazszw.jpg,喜庆感,2,5,3,2,4
O1CN01ffLIYU1QWiV329t1a_!!4072071984-0-alimamazszw.jpg,简约商务,3,5,4,3,5
O1CN01itOoU51uRA9Qc4JEQ_!!2208069116033-0-alimamazszw.jpg,简约商务,2,5,5,2,5
O1CN01nuoJPN2MbylS6TWoG_!!4126429847-0-alimamazszw.jpg,简约商务,3,5,5,3,5
O1CN01F06Ko121Ie7f0oVrq_!!3120126962-0-alimamazszw.jpg,科技感,3,5,3,2,5
O1CN01HM2fBj1wWJqnhAZPv_!!2138126315-0-alimamacc.jpg,喜庆感,4,5,3,3,4
O1CN01b8hOdS2FY874N84F2_!!3044848891-0-alimamazszw.jpg,高端轻奢,3,5,5,3,5
O1CN01OgoULD1QUsuhngfyp_!!1854921980-0-alimamazszw.jpg,简约商务,4,5,3,3,5
O1CN01EfcinT1Q21wsTkE1b_!!3705441917-0-alimamacc.jpg,高端轻奢,2,5,4,2,5
O1CN01z4NKYn2Bh3Lv2YArn_!!3408328369-0-alimamazszw.jpg,高端轻奢,3,5,5,2,5
O1CN01LteWcu1HWPfkgsJT4_!!2959330765-0-alimamazszw.jpg,科技感,4,5,4,4,5
O1CN01tZgxQi1mpQD450gLf_!!2201547565003-0-alimamazszw.jpg,简约商务,3,5,5,2,5
O1CN01asqD0o28H00OsFLyf_!!4284217906-0-alimamazszw.jpg,高端轻奢,3,5,3,3,5
O1CN015YMdLo1KT9igQNqEk_!!2207959261164-0-alimamazszw.jpg,高端轻奢,2,5,5,2,5
O1CN01HhDRv12BkG9vvmACo_!!2208590208376-0-alimamazszw.jpg,简约商务,2,5,5,2,5
O1CN01lK11uv1sSsPHfHeVa_!!2076335766-0-alimamazszw.jpg,简约商务,3,5,5,3,5
O1CN013Bw6Su1ktQRHqEu0p_!!1898854741-0-alimamazszw.jpg,高端轻奢,3,5,5,2,5
O1CN01CtF7WN29l3bxwcvHz_!!2212006868107-0-alimamazszw.jpg,喜庆感,3,5,5,3,4
O1CN0106wiyy1j7xngiNWWx_!!2637584502-0-alimamazszw.jpg,高端轻奢,4,5,5,4,5
O1CN01NIOx4p280Vk2k4rYd_!!78727870-0-alimamazszw.jpg,喜庆感,4,5,3,3,4
O1CN01XBiibl1jloEftxqhF_!!2207684524589-0-alimamazszw.jpg,高端轻奢,2,5,5,2,5
O1CN013wH82s1dnkEIHr0B1_!!2179173781-0-alimamazszw.jpg,科技感,3,5,4,3,5
O1CN01wKAHSj1n7k4GqrZ90_!!2920895043-0-alimamazszw.jpg,喜庆感,3,5,3,3,4
O1CN01rdm7681CcIh2IA1Os_!!2211282710101-0-alimamazszw.jpg,喜庆感,3,5,3,3,4
O1CN01VcIorj1ewHEFzoA7R_!!747323935-0-alimamazszw.jpg,简约商务,4,5,5,3,5
O1CN018hIfpO24U2nc7gZb6_!!2201167947393-0-alimamazszw.jpg,高端轻奢,2,5,5,2,5
O1CN01FAuEYH1mACYwspcgd_!!515374913-0-alimamazszw.jpg,科技感,3,5,4,2,5
O1CN01FcZecn1qxu0snxh9g_!!680095563-0-alimamazszw.jpg,简约商务,3,5,4,3,5
pexels-photo-31023734.jpeg,科技感,3,5,4,2,5
O1CN01GFuKKr1I0BRZ1TjEB_!!1071280830-0-alimamazszw.jpg,高端轻奢,3,5,4,3,5
O1CN01yA7btH1NcGRw7jaTX_!!579311590-0-alimamazszw.jpg,简约商务,3,5,4,3,5
O1CN014h2UHk1xajIeh0ruQ_!!2208782716460-0-alimamazszw.jpg,喜庆感,3,5,4,2,4
O1CN01LBh6JL2HmRkRqnfb7_!!468369193-0-alimamazszw.jpg,高端轻奢,2,5,5,2,5
O1CN01EKBxZI1OzuVYaPNHo_!!2211053631777-0-alimamazszw.jpg,简约商务,3,5,4,3,5
O1CN01Qn2jkQ1QTViw5hP2Z_!!69161977-0-alimamazszw.jpg,简约商务,3,5,5,2,5
O1CN01H5GYrG1Ofl53ruA2o_!!674581733-0-alimamazszw.jpg,简约商务,4,5,5,3,5
O1CN01T7cmtt1cJgc77Mn7x_!!2206516623580-0-alimamazszw.jpg,高端轻奢,2,5,5,2,5
O1CN010vYAfg1iqYkl39UoZ_!!2208464604464-0-alimamazszw.jpg,高端轻奢,4,5,5,3,5
O1CN01iroztj236r96WJZ4W_!!1883687207-0-alimamazszw.jpg,简约商务,3,5,4,3,5
O1CN011xcgsX2CXGWg1Bzxg_!!2207743918483-0-alimamazszw.jpg,简约商务,4,5,5,3,5
O1CN01sq9eNk2DWBBwHbjZV_!!697028616-0-alimamazszw.jpg,简约商务,3,5,5,3,5
O1CN01pgEak920KeEzs5pgx_!!3839146831-0-alimamazszw.jpg,喜庆感,4,5,2,3,4
O1CN014Yy1pP23jKQCp6J9Z_!!1092047291-0-alimamazszw.jpg,高端轻奢,3,5,5,3,5
O1CN01l0Epwg1VBG1im80Zk_!!2200542562614-0-alimamazszw.jpg,简约商务,2,5,5,2,5
O1CN01CBwOtK1wVP4p7PI6C_!!3932996313-0-alimamazszw.jpg,简约商务,3,5,5,2,5
O1CN01OU638B1loDZ7msZzP_!!48084865-0-alimamazszw.jpg,喜庆感,3,5,3,3,4
O1CN01B5OVDL1rj4okJkKLX_!!2201483525666-0-alimamazszw.jpg,喜庆感,4,5,2,3,4
O1CN01GBX7hU2MbWMUpcOhU_!!1770489846-0-alimamazszw.jpg,高端轻奢,4,5,4,3,5
O1CN01cYy1vB1kIKNj8dvOn_!!3485244660-0-alimamazszw.jpg,高端轻奢,3,5,4,2,5
O1CN01NrXQJc22uUS2YVT9q_!!2948167180-0-alimamazszw.jpg,科技感,3,5,3,2,5
O1CN01OoeL7U20GWfVav7a2_!!2207917066822-0-alimamazszw.jpg,简约商务,4,5,5,3,5
O1CN01qgoGwV1ZyV3zG1j8e_!!1100613263-0-alimamazszw.jpg,科技感,3,5,2,3,5
O1CN01VuSaiX1bfq96JEoqD_!!876583493-0-alimamazszw.jpg,喜庆感,2,5,2,2,4
O1CN01PfdzRE1wSCHW66nek_!!3891186306-0-alimamazszw.jpg,高端轻奢,3,5,4,2,5
O1CN016D4CQL1c0RyOYrz1b_!!3191823538-0-alimamazszw.jpg,简约商务,3,5,5,3,5
O1CN01q5g5DY1vQXEoxMAgD_!!2613416167-0-alimamazszw.jpg,时尚感,3,5,2,2,4
O1CN01jHpYyt2IY4uDYhQLz_!!2207795279297-0-alimamazszw.jpg,简约商务,2,5,4,2,5
O1CN01Gj3juT1VVPS04EBha_!!3236042658-0-alimamazszw.jpg,高端轻奢,3,5,4,3,5
O1CN01cpYKIZ1tJXy3FcjgB_!!745475881-0-alimamazszw.jpg,高端轻奢,1,5,5,1,5
O1CN01AWleNd1ixt55x40uC_!!1884894480-0-alimamazszw.jpg,简约商务,2,5,5,2,5
O1CN01Ojiego1lSguz5KMb0_!!3090834818-0-alimamazszw.jpg,简约商务,2,5,5,2,5
O1CN013kbWsG1F8wAPLoEyx_!!401420443-0-alimamazszw.jpg,高端轻奢,2,5,4,2,5
O1CN01r9t2Kx1KFsDa9p6bF_!!2200725341135-0-alimamazszw.jpg,简约商务,2,5,5,2,5
O1CN01xljNyG1XE7jy35auB_!!3697612891-0-alimamazszw.jpg,简约商务,3,5,5,2,5
O1CN01OZzY2F2CucjeJFbfu_!!2206415238534-0-alimamazszw.jpg,简约商务,3,5,5,2,5
pexels-photo-8386436.jpeg,科技感,2,5,2,1,5
O1CN01WEWlNR1eePlS4dpR1_!!3335233896-0-alimamazszw.jpg,简约商务,3,5,4,3,5
O1CN01YT7Pfk1a87NmMRO3m_!!2207504123284-0-alimamazszw.jpg,高端轻奢,3,5,5,2,5
O1CN01GhOe8F1nQWHleD05S_!!2211179035084-0-alimamazszw.jpg,高端轻奢,3,5,4,2,5
O1CN019xqEMu1GbAA9bD8xm_!!2207457330640-0-alimamazszw.jpg,高端轻奢,3,5,3,3,5
O1CN01In0Aqv1bz4nKdFLTb_!!2208769213535-0-alimamazszw.jpg,高端轻奢,2,5,4,2,5
O1CN01QSsBjl1XlYdEMx4iz_!!2211608262964-0-alimamazszw.jpg,喜庆感,4,5,2,3,4
O1CN01FaZJHf1uuTV9Pzor8_!!4260076097-0-alimamazszw.jpg,喜庆感,2,5,3,2,4
O1CN013G2OqP23AyixBgeoW_!!2207519357216-0-alimamazszw.jpg,高端轻奢,2,5,5,2,5
O1CN01jdhZpu1NJwbWZhIHO_!!3339141550-0-alimamazszw.jpg,简约商务,2,5,5,2,5
O1CN019Afr9v1iNFOxLDDyD_!!2200676434400-0-alimamazszw.jpg,高端轻奢,3,5,5,3,5
O1CN01fwQJtN20enei7ZqU1_!!1067106875-0-alimamazszw.jpg,高端轻奢,3,5,5,2,5
O1CN01El1xL8260OOaPi0Mb_!!348737599-0-alimamazszw.jpg,简约商务,3,5,5,2,5
O1CN01OJD5jZ2JiRURgmstn_!!2138129455-0-alimamazszw.jpg,简约商务,4,5,5,3,5
O1CN01A7uEEc1pqHp5BHv61_!!2212234855411-0-alimamazszw.jpg,高端轻奢,2,5,5,2,5
O1CN01ADSFro1ekpK7ozy5O_!!3160313910-0-alimamacc.jpg,喜庆感,3,5,2,3,4
O1CN01k6yVLm22zzDMtbc1v_!!2830087192-0-alimamazszw.jpg,简约商务,3,5,5,3,5
O1CN01TWgxH32Li6QHe4lfe_!!1772229725-0-alimamazszw.jpg,简约商务,2,5,5,2,5
O1CN01NXjLz51iPXN5aiQyC_!!2200797234405-0-alimamazszw.jpg,高端轻奢,2,5,5,2,5
O1CN01Y6QkUM1w30WM2RnIC_!!2224996251-0-alimamazszw.jpg,喜庆感,3,5,4,3,4
O1CN01dAZdxJ22ITaGhogLz_!!2960527097-0-alimamacc.jpg,喜庆感,3,5,3,3,4
O1CN01jMunXp1vQXFgXPrAE_!!2613416167-0-alimamazszw.jpg,高端轻奢,3,5,5,2,5
O1CN016YUppo1QWiVCysll1_!!4072071984-0-alimamazszw.jpg,高端轻奢,3,5,4,2,5
O1CN01fxb8cb1PMoJ3ZMFDx_!!1969171827-0-alimamazszw.jpg,高端轻奢,3,5,5,3,5
O1CN01TBnTMP2BkiYTC8QbJ_!!157158377-0-alimamazszw.jpg,简约商务,4,5,5,3,5
O1CN01iyBhYB29zFtBP78jo_!!1714128138-0-alimamazszw.jpg,喜庆感,2,5,2,2,4
O1CN010DpZzW1RaD8sWa346_!!2956192127-0-alimamazszw.jpg,高端轻奢,3,5,4,2,5
O1CN01aY2iuA1aDc8zl9grI_!!190903296-0-alimamazszw.jpg,喜庆感,3,5,3,3,4
O1CN01wBoNOX296IN5RSQXE_!!2234068018-0-alimamazszw.jpg,科技感,3,5,4,2,5
O1CN01ZTyx8g2Kw0rGHGDJd_!!850069620-0-alimamazszw.jpg,科技感,4,5,3,3,5
O1CN010fSlns1WwigmUlUsO_!!2207964372853-0-alimamazszw.jpg,简约商务,3,5,5,3,5
O1CN01p6Wyz123umKS3NQTU_!!2103587316-0-alimamazszw.jpg,高端轻奢,4,5,4,3,5
pexels-photo-14402559.jpeg,高端轻奢,1,5,3,1,5
O1CN01llSdDa1mnae5bY5HC_!!2206425384999-0-alimamazszw.jpg,高端轻奢,3,5,4,2,5
O1CN01BqSkzQ1JMuiM7mT7a_!!2890831015-0-alimamazszw.jpg,科技感,3,5,3,2,5
O1CN01NZCEGX2N5I7gYvRM5_!!2210394989911-0-alimamazszw.jpg,简约商务,3,5,5,2,5
O1CN01ev4NI71fZCtoXp20S_!!2207258274020-0-alimamazszw.jpg,科技感,3,5,3,3,5
O1CN01Lbkbz81ML1uxoLFmi_!!526931417-0-alimamazszw.jpg,高端轻奢,3,5,4,2,5
O1CN01Ovej7R1vQXFGd0qw4_!!2613416167-0-alimamazszw.jpg,高端轻奢,3,5,5,3,5
O1CN01VNsIR71DYSzAxq1mg_!!2201211920228-0-alimamazszw.jpg,喜庆感,3,5,4,3,4
O1CN01w7XmGF1LCxJlWvIJJ_!!2164411264-0-alimamacc.jpg,高端轻奢,4,5,4,3,5
O1CN01ozSonL1nSoHaalKTa_!!2200742805089-0-alimamazszw.jpg,高端轻奢,3,5,4,2,5
O1CN01ci76Yc1Nk39J9n4pk_!!698461607-0-alimamazszw.jpg,简约商务,2,5,5,2,5
O1CN01AxoUvd1GVD2t4m7RR_!!3477350627-0-alimamazszw.jpg,高端轻奢,2,5,4,2,5
O1CN012scLWn1HEYEeKpCt0_!!2097840726-0-alimamazszw.jpg,高端轻奢,3,5,5,3,5
O1CN01YH1Z481OppoFSClAG_!!755731755-0-alimamazszw.jpg,喜庆感,3,5,4,2,4
O1CN01pVbR2y2GurOr9kSnk_!!1884969076-0-alimamazszw.jpg,高端轻奢,3,5,5,2,5
O1CN01krAQ1z1CEwWBdGyaJ_!!2206781540050-0-alimamazszw.jpg,喜庆感,4,5,4,3,4
O1CN01duWw6Q1bIwL0duNrr_!!3004613443-0-alimamazszw.jpg,高端轻奢,3,5,5,3,5
O1CN013KEzlS25cZpDYfi13_!!2138517547-0-alimamazszw.jpg,简约商务,4,5,4,3,5
O1CN01RDWMS41IdZV4RFEAl_!!2089100916-0-alimamazszw.jpg,简约商务,2,5,5,2,5
O1CN01AvPXGr1a1FRhUHrje_!!2200692923269-0-alimamazszw.jpg,喜庆感,4,5,4,3,4
O1CN01FIK6qM1Gy3y2LaMeu_!!1794440690-0-alimamazszw.jpg,喜庆感,2,5,3,2,4
O1CN01SMMzrH1IpwCKQQvD0_!!3077160943-0-alimamazszw.jpg,喜庆感,4,5,2,3,4
O1CN01ISF51X1cPBNUIM6zN_!!3160393592-0-alimamazszw.jpg,高端轻奢,3,5,4,3,5
O1CN01u68J362MXOoTaW6Hb_!!2990399837-0-alimamazszw.jpg,喜庆感,3,5,3,3,4
O1CN01ndUAnr1QN6AWwnoDF_!!2201497581963-0-alimamazszw.jpg,简约商务,3,5,5,3,5
O1CN012Ptzls2JIKvpsCA9q_!!1654489398-0-alimamazszw.jpg,简约商务,3,5,4,3,5
O1CN01mnAfI51HWs5jMGELz_!!2868450766-0-alimamazszw.jpg,卡通童趣,3,5,2,2,3
O1CN01cvizhy1g23pKupcWL_!!379424083-0-alimamazszw.jpg,高端轻奢,2,5,4,2,5
O1CN01T5uGYp2MgYjYSUDSJ_!!2208861729857-0-alimamazszw.jpg,简约商务,3,5,5,3,5
O1CN01XRNnDP1C7cB01xeR9_!!2208094590034-0-alimamazszw.jpg,科技感,3,5,3,2,5
O1CN014sPJLi1p3HQN6DWo9_!!1573425304-0-alimamazszw.jpg,简约商务,2,5,3,2,5
pexels-photo-7577796.jpeg,科技感,3,5,4,2,5
O1CN01fXqXdt1bFjZOyRak5_!!2207684183436-0-alimamazszw.jpg,科技感,3,5,4,2,5
O1CN01Gf9HCe1qdkZ8Wq3y4_!!42575519-0-alimamazszw.jpg,简约商务,2,5,5,2,5
O1CN01SrZ9dv1o0hbHWokVv_!!2210030325163-0-alimamazszw.jpg,简约商务,3,5,4,3,5
O1CN01dStokZ1kTJr0L0tWv_!!2834734684-0-alimamazszw.jpg,科技感,3,5,2,2,5
O1CN01Js5Rmx2MsvO2cbkZL_!!3997859884-0-alimamazszw.jpg,高端轻奢,2,5,4,2,5
O1CN01z5BUl91NAmgdSTegE_!!2208140691530-0-alimamazszw.jpg,简约商务,3,5,5,2,5
O1CN014t4jkF1khW8fQU66k_!!2203427204715-0-alimamazszw.jpg,喜庆感,3,5,3,2,4
O1CN01vQjyjc1hZmbXWbxAU_!!2211144864292-0-alimamazszw.jpg,简约商务,3,5,3,2,5
O1CN010xxJyc1EXNgjUpcWz_!!1710310361-0-alimamazszw.jpg,简约商务,3,5,4,3,5
O1CN01muJcGJ1oMEDISYG6a_!!1660545210-0-alimamazszw.jpg,科技感,4,5,3,3,5
O1CN01qibZHX1lBHtoUxG9j_!!2141044780-0-alimamazszw.jpg,喜庆感,2,5,4,2,4
O1CN014GDwSH1LUoml20w1H_!!217101303-0-alimamazszw.jpg,简约商务,3,5,5,2,5
O1CN01UDqgTX1dkzrWk2HgH_!!2211814493775-0-alimamazszw.jpg,喜庆感,3,5,2,3,4
O1CN01OUqYi31ugjdaVThAc_!!2754506067-0-alimamazszw.jpg,简约商务,2,5,5,2,5
O1CN0132HHzN2JVcPCNHIGq_!!2200731739427-0-alimamazszw.jpg,简约商务,2,5,5,2,5
pexels-photo-28209698.jpeg,简约商务,3,5,3,3,5
O1CN01zm5nDy1g23qDgcwdx_!!379424083-0-alimamazszw.jpg,高端轻奢,3,5,5,2,5
O1CN01PaDUh41XxvKfAs0yD_!!2210666052991-0-alimamazszw.jpg,科技感,3,5,4,2,5
O1CN01bc6xbP1SEVzr05Cx2_!!3585352215-0-alimamazszw.jpg,高端轻奢,2,5,5,2,5
O1CN016gOACa1J2lIKHH9iX_!!2211448470971-0-alimamazszw.jpg,高端轻奢,3,5,4,3,5
O1CN01Wk2NRG1hYrpQ6KihR_!!919504290-0-alimamazszw.jpg,科技感,4,5,2,3,5
O1CN01T3mutG1cVav33yoDy_!!675393606-0-alimamazszw.jpg,高端轻奢,3,5,4,2,5
O1CN01GpSZ491Yhiw98Kobl_!!2209970063091-0-alimamazszw.jpg,高端轻奢,4,5,4,3,5
O1CN014GgOVo20F9TpX7Md0_!!2207475286819-0-alimamazszw.jpg,喜庆感,2,5,3,2,4
O1CN01IIlcli1UJDIAy9RwH_!!2200640172496-0-alimamazszw.jpg,简约商务,3,5,5,3,5
O1CN01Bptdj21Id76XpG92e_!!838000915-0-alimamazszw.jpg,高端轻奢,3,5,4,2,5
O1CN01uVvDdO1q9WRa5MXjF_!!2208135895453-0-alimamacc.jpg,高端轻奢,4,5,4,3,5
O1CN01z8zrgP1JSrrakf9Rt_!!3520051028-0-alimamazszw.jpg,简约商务,4,5,5,3,5
O1CN01n91tuY1ITxBIaUW4m_!!1692480895-0-alimamazszw.jpg,简约商务,3,5,3,2,5
O1CN01YOxf2N25Nv7lXn8NI_!!2067077515-0-alimamazszw.jpg,高端轻奢,3,5,4,3,5
O1CN01aRXqll1ktQRsBfGGM_!!1898854741-0-alimamazszw.jpg,简约商务,3,5,5,2,5
O1CN013sXcZR224HIG5ulfu_!!2191867066-0-alimamazszw.jpg,高端轻奢,2,5,5,2,5
O1CN01sT3NKf1E0PAr2Uh4H_!!2041690289-0-alimamazszw.jpg,喜庆感,4,5,4,3,4
O1CN01tZLgCO1RB1L2mAScY_!!2750402072-0-alimamazszw.jpg,科技感,3,5,2,2,5
O1CN01lKXbyV1rPNn1zhDKX_!!3394435623-0-alimamazszw.jpg,简约商务,3,5,5,3,5
O1CN011A1aVs2MoLRPLOQU1_!!2460949874-0-alimamazszw.jpg,高端轻奢,3,5,4,2,5
pexels-photo-3905874.jpeg,喜庆感,3,5,2,3,4
pexels-photo-18299830.jpeg,科技感,3,5,2,3,5
O1CN016BdShF2COZ0RGqkm2_!!2210144838464-0-alimamazszw.jpg,高端轻奢,2,5,5,2,5
pexels-photo-10982955.jpeg,科技感,2,5,3,2,5
O1CN01OKc43W1ZM1mfAOEL4_!!653243179-0-alimamazszw.jpg,喜庆感,4,5,4,3,4
O1CN01xbOeIv1NVOVe8F5A0_!!1127631575-0-alimamazszw.jpg,高端轻奢,3,5,4,2,5
O1CN01Ah2Rq41VVPRxoBTkI_!!3236042658-0-alimamazszw.jpg,简约商务,3,5,5,3,5
O1CN01SeuCbr1ZyV42XY0WF_!!1100613263-0-alimamazszw.jpg,时尚感,3,5,2,3,4
O1CN011awhVG1D2PIFRk5uU_!!1999920158-0-alimamazszw.jpg,科技感,4,5,2,4,5
O1CN01fRBXc71PmusFzGf0B_!!2207843081884-0-alimamazszw.jpg,高端轻奢,3,5,4,3,5
O1CN01Ssg6uI2GJlJA2FoPZ_!!2211888598995-0-alimamazszw.jpg,高端轻奢,3,5,5,3,5
pexels-photo-1194421.jpeg,时尚感,4,5,2,3,4
pexels-photo-7567223.jpeg,科技感,3,5,3,2,5
O1CN01ZCJdji28G5DIvkZWL_!!2352297904-0-alimamazszw.jpg,科技感,3,5,3,2,5
O1CN016yIxKA2Mwaa1MGMYR_!!2200633509892-0-alimamazszw.jpg,喜庆感,3,5,2,3,4
O1CN01QrfV9T1rZ0712KHl4_!!2207096275644-0-alimamazszw.jpg,高端轻奢,3,5,5,2,5
O1CN01t2wYtR27OUsUslFKh_!!2208065117787-0-alimamazszw.jpg,简约商务,3,5,5,3,5
O1CN01CheTQF1qnMv1ySw9m_!!1761495540-0-alimamazszw.jpg,高端轻奢,3,5,4,3,5
O1CN01ifkoZp1LYTvkTnaPj_!!2999761311-0-alimamazszw.jpg,高端轻奢,2,5,5,2,5
O1CN01cIEm581Nq0L7KrlOC_!!381721620-0-alimamazszw.jpg,高端轻奢,2,5,4,2,5
O1CN01pH7EJZ1tqyrzbgRdd_!!1982765954-0-alimamazszw.jpg,简约商务,3,5,2,2,5
O1CN01uBsIKF1IjWeCsgjgV_!!2272180929-0-alimamazszw.jpg,高端轻奢,3,5,5,2,5
O1CN01D4XQk920x7UYoihnS_!!2206598386915-0-alimamazszw.jpg,高端轻奢,4,5,4,3,5
O1CN01Bq6FNI1gRFbupCISm_!!2978644138-0-alimamazszw.jpg,高端轻奢,2,5,5,2,5
O1CN01t9Rx4U1w7aTcGhLvq_!!2453316261-0-alimamazszw.jpg,简约商务,3,5,4,3,5
O1CN019rmZ711VJ2ji62veF_!!1969972631-0-alimamazszw.jpg,简约商务,2,5,5,2,5
O1CN01HWrrpl1l4PxiUGUCe_!!917264765-0-alimamazszw.jpg,高端轻奢,2,5,5,2,5
O1CN01uJf1132EjIAFnbMDH_!!1629358780-0-alimamazszw.jpg,简约商务,3,5,4,2,5
O1CN01vbLfUu2HRpusyajYV_!!3599799148-0-alimamazszw.jpg,高端轻奢,3,5,4,3,5
O1CN01NG72pw1zbJ1xRXzZE_!!2212263246732-0-alimamazszw.jpg,喜庆感,3,5,3,3,4
O1CN01aU6YKu1GVD102DAjY_!!2201297390627-0-alimamazszw.jpg,科技感,3,5,3,3,5
O1CN01zzi6k01LgGgHUsbr4_!!2201209371328-0-alimamazszw.jpg,简约商务,2,5,5,2,5
O1CN01unPjK11QY5gyDh0g8_!!2867731987-0-alimamazszw.jpg,喜庆感,4,5,4,3,4
O1CN01pkJjGG1To4MMkm2PK_!!2200828292428-0-alimamazszw.jpg,高端轻奢,2,5,5,2,5
O1CN01UJrpWB2DxeykSBryU_!!3943518676-0-alimamazszw.jpg,喜庆感,3,5,3,3,4
O1CN01OZjkmM1hQchXl6uta_!!2208127224272-0-alimamazszw.jpg,喜庆感,3,5,3,3,4
O1CN01bNwtSc1uamUmnEoKh_!!2206422806054-0-alimamazszw.jpg,喜庆感,3,5,2,3,4
O1CN01HbrdZj1of0SGSSC4I_!!247475251-0-alimamazszw.jpg,简约商务,2,5,5,2,5
O1CN01SZx69q2NZWGH7fJh4_!!2974339977-0-alimamazszw.jpg,高端轻奢,3,5,4,3,5
pexels-photo-14311551.jpeg,高端轻奢,1,5,5,1,5
O1CN012A3et21xknzuq0Wkx_!!3471156482-0-alimamazszw.jpg,简约商务,3,5,5,3,5
O1CN01dS1grU1YREgXsst1c_!!1859653055-0-alimamazszw.jpg,喜庆感,3,5,3,2,4
O1CN01GuLd962Id7GkapOwc_!!2200595709308-0-alimamazszw.jpg,科技感,4,5,3,3,5
O1CN01hSIoOd2EjkZ8vc86v_!!2168658781-0-alimamazszw.jpg,喜庆感,3,5,4,3,4
O1CN012CuZVx2LtYM9dJT5V_!!4207869750-0-alimamazszw.jpg,高端轻奢,2,5,4,2,5
O1CN01R0YYDG1prezjj7AX6_!!2200654305414-0-alimamazszw.jpg,高端轻奢,3,5,5,3,5
O1CN01kbrJqs1iYEuSp8dbI_!!847604424-0-alimamazszw.jpg,高端轻奢,2,5,5,2,5
O1CN01feCnR01DAePuf1wmA_!!2039470176-0-alimamazszw.jpg,简约商务,3,5,4,2,5
O1CN01QlKIgv1M3AU0cbi4Q_!!2206447151378-0-alimamazszw.jpg,简约商务,3,5,5,3,5
O1CN01hR9cjD1W4fvkH8Lsf_!!1768562735-0-alimamazszw.jpg,简约商务,3,5,5,2,5
O1CN01T2stXF1NKP07z2GPU_!!13901551-0-alimamazszw.jpg,高端轻奢,3,5,4,3,5
O1CN01Hs3D9F1qMLXGKoDD4_!!1690425481-0-alimamazszw.jpg,高端轻奢,2,5,5,2,5
O1CN018hqjRu2DyZlwC6Yik_!!3367528678-0-alimamazszw.jpg,简约商务,3,5,5,3,5
O1CN01TsIw8u1sRxdUrO69o_!!2207823915764-0-alimamazszw.jpg,简约商务,3,5,5,3,5
O1CN015UEnKT24fx6Ui39HA_!!2211138307419-0-alimamazszw.jpg,简约商务,3,5,5,3,5
O1CN01JyCEUn1qnMuzXWBzR_!!1761495540-0-alimamazszw.jpg,科技感,3,5,3,3,5
pexels-photo-18287623.jpeg,科技感,3,5,2,3,5
O1CN01dByrUk1ysQDNNrtiv_!!731926634-0-alimamazszw.jpg,简约商务,3,5,4,3,5
pexels-photo-19601326.jpeg,高端轻奢,3,5,4,2,5
O1CN01MDkatQ1sHstz0O2JB_!!105245742-0-alimamacc.jpg,高端轻奢,3,5,5,2,5
O1CN01yurjEL2CHEeRh9CX0_!!127458448-0-alimamazszw.jpg,简约商务,2,5,4,2,5
O1CN01K6Td201oGjSDus5nH_!!2201254015198-0-alimamazszw.jpg,高端轻奢,2,5,4,2,5
O1CN015AgI3Z2BCpESbqnhW_!!77018303-0-alimamazszw.jpg,简约商务,3,5,5,3,5
O1CN01sdAMXQ2E0PLZpFS1c_!!4032698682-0-alimamazszw.jpg,时尚感,4,5,2,3,4
O1CN01ggXwBo1It8vzPfExj_!!2206428310950-0-alimamazszw.jpg,简约商务,3,5,5,3,5
O1CN01ypjCUQ1YfQxzs7PKX_!!828233086-0-alimamazszw.jpg,简约商务,3,5,5,3,5
O1CN01QOosuN1tiHLz2lFrp_!!2933345935-0-alimamazszw.jpg,高端轻奢,2,5,4,2,5
O1CN01GUXV9t1n7k4R7kixV_!!2920895043-0-alimamazszw.jpg,简约商务,3,5,5,2,5
O1CN01gRN2YU1buxEPcqfcL_!!1973353526-0-alimamazszw.jpg,高端轻奢,3,5,5,2,5
O1CN013r465I22y9cvosq4G_!!372477188-0-alimamazszw.jpg,高端轻奢,3,5,4,2,5
O1CN01si1eAw20eLGaIoKka_!!2227226874-0-alimamazszw.jpg,喜庆感,3,5,3,2,4
O1CN01gxNFjX2KaUDeUVem5_!!2208140629573-0-alimamazszw.jpg,高端轻奢,3,5,4,3,5
O1CN01XkOJgU1z0fLCxFe7Q_!!2205250226652-0-alimamazszw.jpg,喜庆感,3,5,1,3,4
O1CN01MjAltM2NgqZcLnILa_!!2201297779993-0-alimamazszw.jpg,高端轻奢,2,5,4,2,5
O1CN01M7GBWs2LyahFq31pC_!!2965419761-0-alimamazszw.jpg,高端轻奢,3,5,4,3,5
O1CN01F9VuYW1aZ8ifKP06l_!!2625883343-0-alimamazszw.jpg,简约商务,4,5,4,4,5
O1CN01cGWU451vRuPw9pV2k_!!1611826170-0-alimamazszw.jpg,高端轻奢,2,5,4,2,5
O1CN01C3O3l923opBDZGFay_!!883737303-0-alimamazszw.jpg,高端轻奢,4,5,4,3,5
O1CN017bcLzx2JVcObaxWsv_!!3423469427-0-alimamazszw.jpg,科技感,3,5,2,2,5
O1CN01selANW2AXbbHjSP3M_!!1645598213-0-alimamazszw.jpg,高端轻奢,3,5,5,2,5
O1CN01vCQJRK28G5C6JZRcS_!!2352297904-0-alimamazszw.jpg,高端轻奢,2,5,4,2,5
O1CN01RfzpuI2KlTkWukOK6_!!2212496079597-0-alimamazszw.jpg,喜庆感,3,5,2,3,4
O1CN019N592G1zOwIuhafnY_!!3392536705-0-alimamazszw.jpg,高端轻奢,2,5,4,2,5
O1CN01ohfKmo1EnruP863dh_!!2385770397-0-alimamazszw.jpg,喜庆感,3,5,4,3,4
O1CN01Dmt60w28x8Rv5UW0h_!!2702667998-0-alimamazszw.jpg,简约商务,3,5,5,3,5
O1CN01LGk0Tz24HDjuRlKXe_!!2200621067365-0-alimamazszw.jpg,高端轻奢,3,5,5,2,5
O1CN01WoeaiC1iwyI25oZv5_!!2113524478-0-alimamazszw.jpg,高端轻奢,3,5,5,3,5
O1CN01Nk0OUY1GztYlW3t2T_!!2208870090694-0-alimamazszw.jpg,高端轻奢,3,5,4,2,5
O1CN01JrPcmV28s64UpNEP8_!!2206546887987-0-alimamazszw.jpg,科技感,4,5,3,4,5
O1CN01YVbHzm23R0ZMd15rJ_!!1043797251-0-alimamazszw.jpg,高端轻奢,2,5,5,2,5
O1CN01k5dVIc1JMuiGIcxCK_!!2890831015-0-alimamazszw.jpg,科技感,3,5,4,3,5
O1CN013fu7JQ1fZCtd0dQQ7_!!2207258274020-0-alimamazszw.jpg,高端轻奢,3,5,4,3,5
O1CN01LVrTAp1x5aLLTSbdq_!!2210151086392-0-alimamazszw.jpg,高端轻奢,3,5,5,2,5
O1CN01JnRSgR2Cv58Ojzn2l_!!1864868535-0-alimamazszw.jpg,时尚感,3,5,2,3,4
O1CN0194Vkdu2E44UztioHA_!!2200638418690-0-alimamazszw.jpg,高端轻奢,2,5,5,1,5
O1CN01f7Rj3M29btfLbZ66B_!!2210878478087-0-alimamacc.jpg,高端轻奢,4,5,5,3,5
O1CN01FTrVaS1hi1kfltpv9_!!1023624310-0-alimamazszw.jpg,科技感,4,5,2,3,5
O1CN01LHmk3r2IXcX9PhTVV_!!1022749296-0-alimamazszw.jpg,简约商务,4,5,5,3,5
O1CN01IjiBYa1f1lxIGaPq7_!!1060893947-0-alimamazszw.jpg,科技感,4,5,2,3,5
O1CN01KmemW91eePmBW5TGc_!!3335233896-0-alimamazszw.jpg,简约商务,4,5,5,3,5
O1CN01cIR4mU1EmUjDKz91g_!!2207551600394-0-alimamazszw.jpg,喜庆感,3,5,3,3,4
O1CN01xg9ud52MNK3v1ZSma_!!735719815-0-alimamazszw.jpg,简约商务,2,5,5,2,5
O1CN01nI7fSC1j1YEVVzkex_!!2205287554488-0-alimamazszw.jpg,卡通童趣,3,5,3,2,3
O1CN018VFRM71Fv1kzzyUtg_!!2206512190548-0-alimamacc.jpg,喜庆感,3,5,3,3,4
O1CN01GT0dQ61IXcLlkwYde_!!2208864880903-2-alimamazszw.png,高端轻奢,3,5,5,2,5
O1CN018V1bjz1WVhJSRJ6Wf_!!1757722794-0-alimamazszw.jpg,时尚感,2,5,2,2,4
O1CN01BvikOj1f399CxSRTn_!!748793950-0-alimamazszw.jpg,喜庆感,4,5,1,4,4
O1CN01lAznsh1fClTXjrBtZ_!!641963971-0-alimamazszw.jpg,高端轻奢,2,5,5,2,5
O1CN013oArQm1PF1aURnu89_!!4037041810-0-alimamazszw.jpg,简约商务,4,5,5,3,5
O1CN01Shv0PC1nvCqeszGKq_!!369155151-0-alimamazszw.jpg,时尚感,3,5,2,2,4
O1CN01XAbgZ725IsmjRPAP5_!!3903207504-0-alimamazszw.jpg,高端轻奢,3,5,5,2,5
O1CN01VbvqsI20UiwXZenEX_!!2200538036853-0-alimamazszw.jpg,简约商务,3,5,4,2,5
pexels-photo-10982955.jpeg,时尚感,2,5,3,2,4
O1CN013SWSun27OUqjWlUtZ_!!2208065117787-0-alimamazszw.jpg,高端轻奢,3,5,4,2,5
O1CN01UQFI911jS7BoGIIH4_!!2253694546-0-alimamazszw.jpg,时尚感,3,5,2,2,4
O1CN01XX8HJ71YvSpsVVGcY_!!2415473121-0-alimamazszw.jpg,高端轻奢,3,5,4,3,5
O1CN01CToNzd1iZc4gvofHT_!!2207650524427-0-alimamazszw.jpg,喜庆感,3,5,2,3,4
O1CN01AlQWNB1cqf98ftaIZ_!!2211976653652-0-alimamazszw.jpg,简约商务,3,5,5,3,5
O1CN01maglKf2K7AtTyhu8S_!!1714469509-0-alimamazszw.jpg,高端轻奢,3,5,5,2,5
O1CN01XN3hxk1UntpHWEeXI_!!2200574472563-0-alimamazszw.jpg,高端轻奢,3,5,4,2,5
O1CN01MmlaJn1qARFfga3TM_!!2208657215455-0-alimamazszw.jpg,简约商务,3,5,5,2,5
O1CN01nZjY401kYobUus7Pw_!!771904696-0-alimamazszw.jpg,喜庆感,3,5,3,3,4
O1CN01LtswGl2DkpsoxUGDJ_!!2210212658648-0-alimamazszw.jpg,简约商务,4,5,5,3,5
O1CN01lXw0RB1hVf2hY7NLx_!!2207995084283-0-alimamazszw.jpg,简约商务,4,5,5,3,5
O1CN01yeisQZ1GwENK0VLBR_!!2145710686-0-alimamazszw.jpg,喜庆感,3,5,4,2,4
O1CN01nJqQWU1JtQq7TvhCW_!!2207684361086-0-alimamazszw.jpg,高端轻奢,2,5,5,2,5
O1CN017WzF6R1dHE6rWDbeB_!!2206756853710-0-alimamazszw.jpg,简约商务,3,5,5,2,5
O1CN01EHcDHm2CLocAUvLqK_!!2058238458-0-alimamazszw.jpg,喜庆感,3,5,3,3,4
O1CN014wIgdH1yIhK3507Db_!!2211301886556-0-alimamazszw.jpg,喜庆感,4,5,2,3,4
O1CN016SDJvi1NPRLZp20CO_!!845001562-0-alimamazszw.jpg,高端轻奢,2,5,4,2,5
O1CN01W7x5f727OUrrAWoQz_!!2208065117787-0-alimamazszw.jpg,卡通童趣,3,5,2,3,3
O1CN01yZRtaY1rLGDbz0cXq_!!3927825614-0-alimamazszw.jpg,高端轻奢,3,5,5,3,5
O1CN01scIMvP1pcXw2cRezI_!!2212209405381-0-alimamazszw.jpg,喜庆感,3,5,3,3,4
O1CN01bG9Fon28INAOVxPNO_!!247527909-0-alimamazszw.jpg,简约商务,4,5,4,4,5
O1CN01zdtuAy1nuI2hJ8GyC_!!2746215149-0-alimamazszw.jpg,喜庆感,4,5,3,3,4
O1CN01bUziaA1dIbIeNpZWS_!!902683713-0-alimamacc.jpg,高端轻奢,4,5,4,3,5
O1CN013S4u332IENstwmn0c_!!2993979254-0-alimamazszw.jpg,简约商务,3,5,5,2,5
O1CN01GBuGMV1wqvgBOGUGu_!!2206697946360-0-alimamazszw.jpg,简约商务,3,5,5,3,5
O1CN012kV7c41vQXFdvoTRM_!!2613416167-0-alimamazszw.jpg,简约商务,3,5,5,2,5
O1CN015KHEAc2GXVCtIrIiS_!!699219025-0-alimamazszw.jpg,简约商务,3,5,4,3,5
O1CN012Op9Qr2Mej8bVUc2r_!!3951969853-0-alimamazszw.jpg,简约商务,3,5,5,2,5
O1CN01r7OJbp1Yqss80cZ2Y_!!4176213111-0-alimamazszw.jpg,高端轻奢,3,5,5,2,5
O1CN019OrgMp2KqW5FguBZw_!!2025809608-0-alimamazszw.jpg,科技感,4,5,2,3,5
O1CN01KRQBRV2EDEPtb5Kl2_!!648688710-0-alimamazszw.jpg,喜庆感,4,5,2,3,4
O1CN016pEkOF2ABABCunjQs_!!2206560038164-0-alimamazszw.jpg,简约商务,3,5,5,2,5
O1CN01rLfwLM1oCbtUCJKlU_!!2645635189-0-alimamazszw.jpg,科技感,4,5,2,3,5
O1CN0144meA21cdq2yzCFr2_!!78923624-0-alimamazszw.jpg,高端轻奢,2,5,5,2,5
O1CN01LD7RhB1G61FoAeF10_!!754820572-0-alimamazszw.jpg,喜庆感,3,5,3,3,4
O1CN01h9kUy326tLvbBAKR2_!!3155407719-0-alimamazszw.jpg,喜庆感,3,5,4,3,4
O1CN01xRH8HS22jUxWLPBPH_!!2200736037156-0-alimamazszw.jpg,喜庆感,3,5,3,3,4
O1CN01HA0ar72GVfbiD8zwl_!!3109159021-0-alimamazszw.jpg,简约商务,3,5,4,3,5
O1CN01C0Kdcj28klkfhgKBL_!!2862927971-0-alimamazszw.jpg,高端轻奢,4,5,4,3,5
O1CN01CogaGV1I0BRAlHto2_!!1071280830-0-alimamazszw.jpg,喜庆感,3,5,4,3,4
O1CN01CIfzLa2FHBTszGiY4_!!2208170228854-0-alimamazszw.jpg,高端轻奢,3,5,4,3,5
O1CN01NnSlgS25FDcd3BqPn_!!714717496-0-alimamazszw.jpg,喜庆感,4,5,3,3,4
O1CN01nhpyfj1T5duHCxd2v_!!906942331-0-alimamazszw.jpg,简约商务,4,5,5,3,5
O1CN01rP1JIX2HuETv99ONw_!!3782289210-0-alimamazszw.jpg,高端轻奢,2,5,5,2,5
O1CN01xdNMJ72JRUq6PWOpl_!!2201404549418-0-alimamazszw.jpg,科技感,4,5,3,3,5
O1CN01pypJQG1XMpF6yjmeR_!!2201478422910-0-alimamazszw.jpg,喜庆感,3,5,4,2,4
O1CN01hP4DdG1bY3Osu8hzT_!!1973973476-0-alimamazszw.jpg,简约商务,4,5,4,3,5
O1CN01ibictf2LPmZcpZiBF_!!2206926289685-0-alimamazszw.jpg,高端轻奢,2,5,5,2,5
pexels-photo-31023733.jpeg,科技感,3,5,4,3,5
O1CN01oAFPLb28zsp906LUV_!!2885348004-0-alimamazszw.jpg,高端轻奢,3,5,4,3,5
O1CN01dD82kv2L2QNq29DGb_!!2208553099634-0-alimamazszw.jpg,高端轻奢,4,5,5,3,5
O1CN01wovWYc1QvRsNqrQlD_!!113462038-0-alimamazszw.jpg,高端轻奢,4,5,2,3,5
O1CN01StVh1k25GaoDha8Dh_!!533497499-0-alimamazszw.jpg,高端轻奢,2,5,5,2,5
O1CN01MSBthY21Ie76g5vxG_!!3120126962-0-alimamazszw.jpg,科技感,3,5,2,2,5
O1CN014IrjuV1dwRlUPBpqs_!!2524763800-0-alimamazszw.jpg,喜庆感,3,5,2,3,4
O1CN016T9VTi1qyMOrR65ON_!!2207824105564-0-alimamazszw.jpg,喜庆感,2,5,3,2,4
O1CN010XN6wd1vQXFda0gyg_!!2613416167-0-alimamazszw.jpg,高端轻奢,3,5,5,3,5
O1CN01IXnUl71aymuCu0tk2_!!2206778573399-0-alimamazszw.jpg,简约商务,2,5,5,2,5
O1CN01I5UXTR1IpToAXvOiA_!!2612420942-0-alimamazszw.jpg,科技感,3,5,3,2,5
O1CN01q1i4km24QNcOLgKXT_!!2212477385-0-alimamazszw.jpg,简约商务,2,5,5,2,5
O1CN01p6sgiV1OxcXfg4vim_!!2653861772-0-alimamazszw.jpg,喜庆感,3,5,3,2,4
O1CN018DcQbj1ltiK6fi0Nh_!!1649634877-0-alimamazszw.jpg,高端轻奢,3,5,5,3,5
O1CN01C02TGG1nuI2lRFeOs_!!2200592865149-0-alimamazszw.jpg,高端轻奢,2,5,4,2,5
O1CN01qWJFjr1EK6CBnx1tI_!!2207964310332-0-alimamazszw.jpg,高端轻奢,2,5,5,2,5
O1CN01EvANil1ail4EvULIr_!!2209704773364-0-alimamazszw.jpg,高端轻奢,2,5,5,2,5
O1CN01OC1tXG1PeDLYESPnv_!!2392991865-0-alimamazszw.jpg,简约商务,3,5,5,3,5
O1CN01usN9Qh1Jn1Hl960WE_!!2211432561072-0-alimamazszw.jpg,高端轻奢,3,5,5,2,5
O1CN01113ir71oWIvnjQ5VI_!!2207697805232-0-alimamazszw.jpg,喜庆感,2,5,3,2,4
O1CN01aOLKQI1cJECOCaKQg_!!873803579-0-alimamazszw.jpg,简约商务,3,5,4,3,5
O1CN01SCDXPE1MDFCTM8jcW_!!445381400-0-alimamazszw.jpg,高端轻奢,2,5,5,2,5
O1CN01ojfb7V1uu16k3vuV6_!!3823246096-0-alimamazszw.jpg,简约商务,3,5,5,3,5
O1CN012tabvk1ueu3QOtmrz_!!2871416063-0-alimamazszw.jpg,简约商务,4,5,5,3,5
O1CN013Na73b1rj4olwYi5S_!!2201483525666-0-alimamazszw.jpg,喜庆感,4,5,1,4,4
O1CN01lIfLCC1ZAZtBwJ3eG_!!2894613154-0-alimamazszw.jpg,高端轻奢,3,5,5,3,5
O1CN01myIX7D2Mx2xw0RNR5_!!400549893-0-alimamazszw.jpg,高端轻奢,3,5,4,3,5
O1CN01SMdjT11JZjoMiZ0Ep_!!3247051043-0-alimamazszw.jpg,高端轻奢,3,5,5,3,5
O1CN01E2jcHw1PMoKHzfGST_!!1114511827-0-alimamazszw.jpg,科技感,2,5,4,2,5
O1CN01UoduhF1qPYHSpGbxa_!!923875488-0-alimamazszw.jpg,高端轻奢,3,5,5,3,5
O1CN01mEY1QW2GtwaSejtN2_!!2200717699074-0-alimamazszw.jpg,简约商务,3,5,5,2,5
O1CN017rObDW1bQj5VR4xQv_!!2207561453460-0-alimamazszw.jpg,简约商务,3,5,5,3,5
O1CN01OVAIBR2BunEb9Q2vU_!!2210154528399-0-alimamazszw.jpg,喜庆感,3,5,3,2,4
O1CN01k3GaOy1ullyvS5UYJ_!!3546116078-0-alimamazszw.jpg,高端轻奢,4,5,4,3,5
O1CN01sKlIG31WiynTuAqh3_!!2200666902823-0-alimamazszw.jpg,简约商务,4,5,4,4,5
O1CN01HF5CIK1w25iMNBBDG_!!1785596249-0-alimamazszw.jpg,高端轻奢,4,5,5,3,5
O1CN01kof8Kw1Ukh25f61DX_!!2700972556-0-alimamazszw.jpg,科技感,3,5,2,2,5
O1CN01A0yQnC2LWeYQwZoT2_!!2207199700-0-alimamazszw.jpg,简约商务,3,5,5,2,5
O1CN01Bf12IY21a3AcF7SXF_!!579657000-0-alimamazszw.jpg,简约商务,2,5,5,2,5
O1CN01JoKA2a1jIxGleS0Ez_!!2901504526-0-alimamazszw.jpg,简约商务,4,5,5,4,5
O1CN01cyizKt1MQWfklnsWk_!!2384301429-0-alimamazszw.jpg,高端轻奢,3,5,4,2,5
O1CN01s9aCvp1bfqA09sVyE_!!876583493-0-alimamazszw.jpg,科技感,2,5,3,2,5
O1CN01ASl5TO1zgLNH6JndG_!!3431046743-0-alimamazszw.jpg,高端轻奢,2,5,4,2,5
O1CN01YdvPhE1du9lyqcTfu_!!2201419433795-0-alimamazszw.jpg,简约商务,2,5,5,2,5
O1CN01LfBhrm2DFEXPVU2v6_!!3926578579-0-alimamazszw.jpg,喜庆感,4,5,2,3,4
O1CN01NATlic1Xg3ruO1VHs_!!1026822952-0-alimamazszw.jpg,高端轻奢,3,5,4,3,5
O1CN01sf4rBH27OUqmXBYgv_!!2208065117787-0-alimamazszw.jpg,高端轻奢,3,5,4,3,5
O1CN01Xse2Mz1G61EYZ8369_!!754820572-0-alimamazszw.jpg,高端轻奢,3,5,4,3,5
O1CN01BwRjAh2F3txb6do6G_!!2209136978825-0-alimamazszw.jpg,简约商务,3,5,4,2,5
O1CN01hhRFGc1pNtG7x1nus_!!2206952565349-0-alimamazszw.jpg,高端轻奢,4,5,4,3,5
O1CN015qQ6J01vQXFcEAske_!!2613416167-0-alimamazszw.jpg,高端轻奢,2,5,5,2,5
O1CN01hw0nJ41MwaPgC8Sp3_!!2207275011499-0-alimamazszw.jpg,喜庆感,3,5,4,2,4
O1CN01361qwo2D9HOv5WB4p_!!826038566-0-alimamazszw.jpg,高端轻奢,4,5,5,3,5
O1CN016CqEHT24E0xOd221o_!!2210143997358-0-alimamazszw.jpg,科技感,3,5,4,3,5
O1CN01bNqNIz24Bix4rCMx8_!!817987353-0-alimamazszw.jpg,科技感,3,5,2,3,5
O1CN01eufjBw1ZrAiErgpky_!!4118083247-0-alimamazszw.jpg,高端轻奢,4,5,5,3,5
O1CN01TrUaVL1NPRN0GdUi4_!!845001562-0-alimamazszw.jpg,简约商务,4,5,5,4,5
O1CN01koAH8V1G61ENR6aW6_!!754820572-0-alimamazszw.jpg,喜庆感,3,5,2,3,4
O1CN01jzx7Su25Ganrf5eYH_!!533497499-0-alimamazszw.jpg,高端轻奢,3,5,4,3,5
O1CN011CeGEH1I16DACVhVD_!!808210832-0-alimamazszw.jpg,高端轻奢,4,5,5,3,5
O1CN018tDzIK2Kw0pY5SgZd_!!3905929620-0-alimamazszw.jpg,高端轻奢,3,5,5,2,5
O1CN01BULwTd1pQBEoBADIE_!!3018135354-0-alimamazszw.jpg,高端轻奢,2,5,5,2,5
O1CN01hsY8im24Ycmu301xF_!!2003267403-0-alimamazszw.jpg,喜庆感,4,5,2,3,4
O1CN01tb8rjQ1vQXDzzhp98_!!2613416167-0-alimamazszw.jpg,简约商务,3,5,5,3,5
O1CN01AoXBVO1vQXF2qLcmq_!!2613416167-0-alimamazszw.jpg,时尚感,3,5,2,2,4
O1CN01Xcy5xU1taUcC2GXT7_!!2207716605918-0-alimamazszw.jpg,喜庆感,3,5,2,3,4
O1CN016mpJPr1gMfex0KlbM_!!2051444128-0-alimamazszw.jpg,时尚感,4,5,2,3,4
O1CN01cAep061D2rgE46EWi_!!2907650159-0-alimamazszw.jpg,简约商务,3,5,5,3,5
O1CN010hoapt1flZa2qizbR_!!1653734047-0-alimamazszw.jpg,简约商务,3,5,5,3,5
pexels-photo-36907038.jpeg,卡通童趣,2,5,2,2,3
O1CN01wIDQaY1d9RNqhj8QZ_!!3835193693-0-alimamazszw.jpg,简约商务,3,5,5,3,5
O1CN01ULPj3e1RPDdd2chal_!!2204109362103-0-alimamazszw.jpg,高端轻奢,3,5,4,2,5
pexels-photo-11174631.jpeg,复古国风,3,5,3,3,3
O1CN01MbCSVl1HZcRdXcpN4_!!489670772-0-alimamazszw.jpg,简约商务,3,5,5,2,5
O1CN01adCu1B2JKctqiZutW_!!2374579403-0-alimamazszw.jpg,高端轻奢,4,5,4,3,5
O1CN01roEN2C22y9cwZrCl6_!!372477188-0-alimamazszw.jpg,简约商务,3,5,4,3,5
O1CN01u5oqxt1YfQy8z6rQP_!!828233086-0-alimamazszw.jpg,简约商务,3,5,5,3,5
O1CN019EPPMS1RILh1DUEKz_!!1818112088-0-alimamazszw.jpg,喜庆感,3,5,4,2,4
O1CN01QbSfjX2Jsyap0gNe1_!!3951599478-0-alimamazszw.jpg,简约商务,2,5,5,2,5
O1CN01t7Kvro1UGSufsez7O_!!3527212490-0-alimamazszw.jpg,喜庆感,2,5,4,2,4
O1CN015PQHRv1RoPOWk0sFV_!!3253542158-0-alimamazszw.jpg,高端轻奢,2,5,5,2,5
O1CN013rYVkN2LpQnDzMZZF_!!2212423339741-0-alimamazszw.jpg,高端轻奢,3,5,3,3,5
O1CN01xoF3Za1jXbxaw5gtU_!!2211700214558-0-alimamazszw.jpg,科技感,3,5,4,2,5
pexels-photo-5947553.jpeg,喜庆感,3,5,3,3,4
pexels-photo-8068810.jpeg,科技感,4,5,2,3,5
O1CN013SaMh32Cf3GYlRkl6_!!2206763498500-0-alimamazszw.jpg,简约商务,4,5,4,3,5
O1CN01zWsYJS21iIGKMUYso_!!2200950447018-0-alimamacc.jpg,高端轻奢,3,5,4,3,5
O1CN01WqzOTe20KBq3Fo4jM_!!784156830-0-alimamazszw.jpg,科技感,4,5,3,3,5
O1CN01gKdYFN1hHSmpC2nL4_!!3942224252-0-alimamazszw.jpg,科技感,3,5,3,3,5
O1CN01CBEcQf27Gi8STnLpQ_!!2211991977770-0-alimamazszw.jpg,高端轻奢,3,5,5,3,5
O1CN01iZlu401YfQxksbHAu_!!2201194163086-0-alimamazszw.jpg,简约商务,3,5,4,3,5
O1CN01itu3ca1cW3KCMYSn8_!!1633203607-0-alimamazszw.jpg,科技感,4,5,3,4,5
O1CN01SObaAZ1U0tQWjQmFZ_!!2624252456-0-alimamazszw.jpg,高端轻奢,3,5,5,2,5
O1CN01AJoDtx243Tr6bu5Jf_!!671257335-0-alimamazszw.jpg,科技感,3,5,3,2,5
O1CN01T1F2DE1JLXVwWjh9A_!!2211608061012-0-alimamazszw.jpg,简约商务,4,5,5,3,5
O1CN01viFBWZ1V4O5eJIPax_!!2208552392599-0-alimamazszw.jpg,喜庆感,3,5,2,3,4
O1CN01QTmZRZ1wWmGYLZqSg_!!2206487396316-0-alimamazszw.jpg,喜庆感,3,5,2,3,4
O1CN01qx4VjQ240H4fmSFEe_!!2211770037328-0-alimamazszw.jpg,高端轻奢,4,5,3,3,5
O1CN01KP5Jjw1rp1vxkYokW_!!54085679-0-alimamazszw.jpg,高端轻奢,3,5,4,2,5
O1CN01OAnRak1Nrpv6vBfPX_!!2455561624-0-alimamazszw.jpg,简约商务,3,5,3,2,5
O1CN01ZlRxPz1PkcuaBJ3TD_!!3877491879-0-alimamazszw.jpg,简约商务,3,5,5,2,5
O1CN01Gr360D1JuLb1x4rKK_!!2892761088-0-alimamazszw.jpg,简约商务,3,5,4,3,5
O1CN014PElau1w82qsN8Lai_!!2206473836262-0-alimamazszw.jpg,喜庆感,3,5,4,3,4
O1CN01eAUsyG1NRGvEfdnuE_!!3698391566-0-alimamazszw.jpg,简约商务,3,5,5,2,5
O1CN011ehdir2MCKa1Q0ONz_!!2200744349791-0-alimamazszw.jpg,高端轻奢,3,5,4,3,5
pexels-photo-31900731.jpeg,高端轻奢,3,5,5,3,5
O1CN01xqjJkB2CAp7loFb8Z_!!2206879538434-0-alimamazszw.jpg,简约商务,4,5,4,3,5
O1CN01Yq3abC1vyQWP3NGvP_!!3430046241-0-alimamazszw.jpg,高端轻奢,3,5,4,3,5
O1CN01bzaBV729zFtChMRBf_!!1714128138-0-alimamazszw.jpg,高端轻奢,3,5,5,2,5
O1CN01rRk9eb2ANWsk0nWAT_!!802948191-0-alimamazszw.jpg,高端轻奢,3,5,5,3,5
O1CN01ZE5mVf2CoDCBEcKyL_!!909438520-0-alimamazszw.jpg,高端轻奢,3,5,4,3,5
O1CN01rMIeEb1rHb3mDjSKm_!!3027005606-0-alimamazszw.jpg,高端轻奢,3,5,4,3,5
O1CN01WIkh5o1SRL5K4wy28_!!2106502243-0-alimamazszw.jpg,简约商务,4,5,4,3,5
O1CN010E0xiV27pWEfeTajM_!!3172507846-0-alimamazszw.jpg,喜庆感,3,5,3,3,4
O1CN01YVYW2t1TLDMtsjiIl_!!4263612365-0-alimamazszw.jpg,高端轻奢,4,5,3,3,5
O1CN01oknmxH1YlqVoqSCa1_!!2206516113100-0-alimamazszw.jpg,科技感,3,5,3,3,5
O1CN01A1tim21VGINKKl1B7_!!2209388212625-0-alimamazszw.jpg,简约商务,5,5,5,4,5
O1CN01crHPXw1Omd2UpWs9b_!!2206484861748-0-alimamazszw.jpg,喜庆感,3,5,3,3,4
6c392b3a-47a1-490b-9efc-93812fcf5f48.jpg,时尚感,3,5,3,3,4
O1CN01D3T1N21lXGuNqHqV8_!!1746384828-0-alimamazszw.jpg,简约商务,3,5,5,3,5
O1CN01Hzmzcw1ec7ljKhSBV_!!2207549933891-0-alimamazszw.jpg,简约商务,3,5,5,2,5
pexels-photo-7233378.jpeg,科技感,3,5,2,3,5
O1CN012OtF2y1oPQxyEzPEP_!!2207924995217-0-alimamazszw.jpg,简约商务,3,5,4,2,5
O1CN0128PXjx1WkoNoUgGs7_!!2064892827-2-alimamazszw.png,高端轻奢,3,5,5,3,5
O1CN01jvUVeG2Iku1J65zw5_!!4202269325-0-alimamazszw.jpg,喜庆感,4,5,2,4,4
O1CN01zqXDhf1qJ8lAaAv4P_!!2655095474-0-alimamazszw.jpg,喜庆感,3,5,3,3,4
pexels-photo-19601326.jpeg,时尚感,3,5,3,2,4
O1CN01SKT6pN1lE2HBlfUHw_!!4074164786-0-alimamazszw.jpg,简约商务,2,5,5,2,5
O1CN01y0rKvN1xh8pD7Xelw_!!2259016474-0-alimamazszw.jpg,喜庆感,3,5,3,3,4
O1CN01xzCJG12Au2zFDRCdT_!!2340738262-0-alimamazszw.jpg,喜庆感,4,5,3,3,4
O1CN01NWLyv428G5C8WNLOn_!!2352297904-0-alimamazszw.jpg,高端轻奢,2,5,4,2,5
O1CN01q5QEbn1rUsWD0hCgz_!!3920285635-0-alimamazszw.jpg,高端轻奢,3,5,4,3,5
O1CN01oWYA0p1N0FZdUG9vo_!!2145171507-0-alimamazszw.jpg,简约商务,4,5,5,3,5
O1CN01LElzfv1hbcBwM70xX_!!1734094296-0-alimamazszw.jpg,简约商务,2,5,5,2,5
O1CN01Ia4zQv1zS969SkvbE_!!3230476712-0-alimamazszw.jpg,高端轻奢,2,5,4,2,5
O1CN01F9HDxg1EhumK4NKJH_!!2204117950384-0-alimamazszw.jpg,简约商务,3,5,4,3,5
O1CN01d3SmPb1m8Mz5C0Q27_!!1870984909-0-alimamazszw.jpg,高端轻奢,3,5,5,2,5
O1CN01mm9EbS1JdOyE4XDyO_!!348881051-0-alimamazszw.jpg,简约商务,4,5,4,3,5
O1CN01VNzrKa24j9skYXLQz_!!2902677426-0-alimamazszw.jpg,高端轻奢,2,5,5,2,5
O1CN01J1mwci1vQXFCi5Mf6_!!2613416167-0-alimamazszw.jpg,简约商务,3,5,5,3,5
O1CN01IBk2Hb2KylEZbo9fy_!!2207494759626-0-alimamazszw.jpg,喜庆感,4,5,3,3,4
O1CN01KVsfdQ27hH6on4UWh_!!2176017828-0-alimamazszw.jpg,简约商务,3,5,5,2,5
O1CN01ONXLRW1mACaGgObRA_!!515374913-0-alimamazszw.jpg,高端轻奢,4,5,4,3,5
O1CN01FR0aT61ghjtCzkI7z_!!2605364174-0-alimamazszw.jpg,高端轻奢,3,5,5,3,5
pexels-photo-6779339.jpeg,科技感,3,5,2,3,5
pexels-photo-13986134.jpeg,复古国风,3,5,2,2,3
O1CN01HgjCrW1uADWR4di0d_!!839895996-0-alimamazszw.jpg,简约商务,3,5,3,3,5
O1CN01AiaGX21NZW4fAa2LC_!!1994001584-0-alimamazszw.jpg,高端轻奢,3,5,4,2,5
O1CN01HSxSXs1uaK3h2uKi9_!!2310266053-0-alimamazszw.jpg,科技感,4,5,2,3,5
O1CN01nsnnow1P2etCowBCo_!!2206542751783-0-alimamazszw.jpg,高端轻奢,3,5,4,2,5
pexels-photo-35165869.jpeg,科技感,3,5,4,3,5
O1CN01ikNTBK1HEYEY2iGju_!!2097840726-0-alimamazszw.jpg,高端轻奢,3,5,4,2,5
O1CN01NNQsVN1U1LqP20gZA_!!441622457-0-alimamazszw.jpg,简约商务,2,5,5,2,5
O1CN01xPw2LR1Xg3thWHkiU_!!1108132952-0-alimamazszw.jpg,高端轻奢,3,5,4,3,5
O1CN01X1KNND1jgJUkYfAYz_!!2200643844577-0-alimamazszw.jpg,简约商务,3,5,4,3,5
O1CN01RYbaiw1TiZaUF9A5v_!!2207682932416-0-alimamazszw.jpg,高端轻奢,3,5,4,3,5
O1CN01mzMkpz1XhR3kdAXiS_!!2330392955-0-alimamazszw.jpg,简约商务,3,5,3,2,5
O1CN016LPI3W20GWf9cIOrf_!!2207917066822-0-alimamazszw.jpg,时尚感,4,5,2,4,4
pexels-photo-25190548.jpeg,时尚感,3,5,3,2,4
O1CN01KYykRy1Ty946vYivS_!!2758662450-0-alimamazszw.jpg,简约商务,3,5,5,2,5
O1CN01Pj2dsx1scUkMfjH0D_!!2090245787-0-alimamazszw.jpg,高端轻奢,2,5,4,2,5
O1CN01LgsdLY1Ew73daffFU_!!2201410300415-0-alimamazszw.jpg,简约商务,2,5,5,2,5
O1CN01OxBjF81cBtrCyhP9a_!!1706743563-0-alimamazszw.jpg,简约商务,3,5,5,3,5
O1CN01nMVfdU1dGJK0ddSVU_!!2211475163708-0-alimamazszw.jpg,高端轻奢,3,5,5,3,5
O1CN01KQ32p123opB7T0gK4_!!883737303-0-alimamazszw.jpg,科技感,3,5,2,2,5
O1CN01MK5nvW1cSqXqQE4PV_!!73903600-0-alimamazszw.jpg,高端轻奢,3,5,5,2,5
O1CN01z95x3c1dU3C48MlGV_!!2935913738-0-alimamazszw.jpg,简约商务,2,5,5,2,5
O1CN01JTdKJu1aLrFZgC6bi_!!1975193314-0-alimamazszw.jpg,高端轻奢,3,5,4,2,5
O1CN014MvuZu1TzWFvUaiFS_!!2208831162453-0-alimamazszw.jpg,简约商务,3,5,3,3,5
O1CN01aWXpJX1dGJIiAsNht_!!2211475163708-0-alimamazszw.jpg,简约商务,2,5,5,2,5
O1CN01dcokpb2ARC2AhGIQD_!!2200754148199-0-alimamazszw.jpg,高端轻奢,3,5,4,2,5
pexels-photo-5976380.jpeg,复古国风,2,5,3,2,3
O1CN01CFV3Nd2HRpuqlcfye_!!3599799148-0-alimamazszw.jpg,高端轻奢,2,5,4,2,5
pexels-photo-7577805.jpeg,高端轻奢,3,5,3,2,5
O1CN01DYRnhH2I8t8zzKcPC_!!843419242-0-alimamazszw.jpg,科技感,3,5,3,3,5
O1CN01u2heA71MZECljLq4A_!!3574221448-0-alimamazszw.jpg,高端轻奢,3,5,5,3,5
O1CN01A9DvLm1GyWN9LZ1xW_!!2786730691-0-alimamazszw.jpg,高端轻奢,3,5,4,3,5
O1CN019uOwxt1ihrCdOVP3n_!!4061944445-0-alimamazszw.jpg,高端轻奢,2,5,4,2,5
O1CN01w2RcbT1gWHyzvjpAp_!!197024149-0-alimamazszw.jpg,高端轻奢,2,5,5,2,5
O1CN01mraQEL1S0m6XvG3O9_!!2681312185-2-alimamazszw.png,高端轻奢,4,5,4,3,5
O1CN01PgfRIu1wkW8PuyQO3_!!3434146346-0-alimamazszw.jpg,喜庆感,3,5,3,2,4
O1CN01kLLf0y2CMjPvaEPQy_!!2207883818460-0-alimamazszw.jpg,高端轻奢,3,5,5,2,5
pexels-photo-3662764.jpeg,卡通童趣,2,5,1,2,3
O1CN01EUPDdz1XeghiceeQr_!!2206643132949-0-alimamazszw.jpg,高端轻奢,2,5,5,2,5
pexels-photo-13314840.png,时尚感,2,5,3,2,4
O1CN01CBEyVU2CvXVVHzEIf_!!2200827278536-0-alimamazszw.jpg,高端轻奢,4,5,5,3,5
O1CN01uLcKF11XHmtdlBFyX_!!3161352899-0-alimamazszw.jpg,简约商务,3,5,3,3,5
O1CN01pZ7I8V1Zx7r3IqXym_!!2201298713260-0-alimamazszw.jpg,简约商务,2,5,5,2,5
O1CN017VzbKa1X6L0UTofqO_!!360512874-0-alimamazszw.jpg,高端轻奢,3,5,4,3,5
O1CN01U91mBT1I2vogX4ier_!!2937840836-0-alimamazszw.jpg,高端轻奢,2,5,5,2,5
O1CN01A3kZEA2B5xGTMc5Mz_!!2206524928288-0-alimamazszw.jpg,喜庆感,3,5,3,2,4
O1CN01NWpw8v1nLwLOl8PgR_!!465275074-0-alimamazszw.jpg,简约商务,3,5,5,2,5
O1CN017PheYJ1U1LqJu8I8U_!!441622457-0-alimamazszw.jpg,喜庆感,3,5,4,3,4
O1CN01f7iIou1nvCqlCcX9Q_!!369155151-0-alimamazszw.jpg,简约商务,4,5,3,3,5
O1CN01oF0kFg29YgvYQN1Ag_!!654838080-0-alimamazszw.jpg,高端轻奢,3,5,5,2,5
O1CN01QVs81M1osHvCuNAgZ_!!3174645280-0-alimamazszw.jpg,简约商务,3,5,5,3,5
O1CN01Wgju2Y1rvRV4urCYs_!!2209575335693-0-alimamazszw.jpg,科技感,3,5,3,3,5
O1CN01PH0R3q1FVNZXokHl1_!!3022690492-0-alimamazszw.jpg,简约商务,4,5,5,4,5
O1CN01xwSyBM1vkEG35bQEx_!!21656210-0-alimamazszw.jpg,喜庆感,3,5,3,3,4
O1CN01jjWmVu1SsoqL4Anhe_!!4214832303-0-alimamazszw.jpg,科技感,3,5,4,3,5
f293c6c9-650b-4e65-a0a5-0f50a81243cf.jpg,科技感,2,5,3,2,5
O1CN01HuuxFj2GEiy8n4MNm_!!470168984-0-alimamazszw.jpg,简约商务,4,5,5,3,5
O1CN01pcPhfu1gRFcuJhXIt_!!2207820414138-0-alimamazszw.jpg,喜庆感,3,5,3,3,4
O1CN01s9hoSY1IFkuGEpoJB_!!2210543720864-0-alimamazszw.jpg,高端轻奢,3,5,4,3,5
O1CN017P2Y2N20kIOyzi7xq_!!2660596887-0-alimamazszw.jpg,时尚感,3,5,2,2,4
O1CN01DzpPt51hXUdS6gfnE_!!2207882094287-0-alimamazszw.jpg,高端轻奢,1,5,5,1,5
O1CN0122Nt071lCf4DQvIIr_!!2206354734783-0-alimamazszw.jpg,科技感,3,5,3,3,5
O1CN011lDmZB1u8Nv7vEQaL_!!2210113175992-0-alimamazszw.jpg,高端轻奢,2,5,5,2,5
O1CN01yn6pMz1cVau8Of9YB_!!675393606-0-alimamazszw.jpg,高端轻奢,3,5,4,2,5
O1CN01Tg3zlM1ueResfhKFS_!!418296062-0-alimamazszw.jpg,高端轻奢,3,5,5,2,5
O1CN01wIEVnb1vhTtawE0YH_!!2642546204-0-alimamazszw.jpg,高端轻奢,4,5,5,3,5
O1CN01XjYaZw1aEWwGKLQV0_!!2207511903298-0-alimamazszw.jpg,高端轻奢,2,5,5,2,5
O1CN014YjoC9278SzBKCFTe_!!671207752-0-alimamazszw.jpg,简约商务,3,5,5,2,5
O1CN01iTW15S25KFyjySkGP_!!125277507-0-alimamazszw.jpg,简约商务,4,5,3,3,5
O1CN01G65yfa28dtnyDxpVF_!!3296827956-0-alimamazszw.jpg,简约商务,3,5,5,2,5
O1CN018rD1FO1b0A87L9xuA_!!2200632403402-0-alimamazszw.jpg,卡通童趣,3,5,4,3,3
O1CN01d6WWvs2Cv58cSuk5Q_!!1864868535-0-alimamazszw.jpg,科技感,3,5,4,3,5
O1CN01k2OTCS1PP6HOqIG2T_!!3189351832-0-alimamazszw.jpg,高端轻奢,4,5,5,3,5
O1CN01xSsM5R1FpWzRYdI3A_!!724350536-0-alimamazszw.jpg,喜庆感,3,5,3,3,4
O1CN01F09RcV1bHZ8uIga9q_!!2206623783440-0-alimamazszw.jpg,简约商务,3,5,5,2,5
O1CN01RlVb4W1ksy1nonGYy_!!1786594740-0-alimamazszw.jpg,高端轻奢,2,5,5,2,5
O1CN01FmtjWI1UIIUNgpSIT_!!2102242494-0-alimamazszw.jpg,高端轻奢,3,5,5,3,5
O1CN010wJfNx1KEV3XMDJnj_!!4023681132-0-alimamazszw.jpg,高端轻奢,3,5,4,2,5
O1CN01104c5a1V8Ve9lucF0_!!2212022232608-0-alimamazszw.jpg,简约商务,3,5,5,3,5
O1CN01R6dftZ1tfzNEwAQua_!!725545930-0-alimamazszw.jpg,简约商务,3,5,5,2,5
O1CN01CGdoyP1jZtwOtmZRa_!!352484563-0-alimamazszw.jpg,科技感,3,5,2,3,5
O1CN01bFLttz1Tz3rtNvhlY_!!2212707782452-0-alimamazszw.jpg,喜庆感,3,5,4,3,4
O1CN01NHyAGa1aymu3JOkDO_!!2206778573399-0-alimamazszw.jpg,简约商务,2,5,5,2,5
O1CN01CNed4x2JKcv2dd3f3_!!2374579403-0-alimamazszw.jpg,简约商务,3,5,5,3,5
O1CN01Iw5q7o25NSkJTsg5l_!!656887514-0-alimamazszw.jpg,简约商务,2,5,5,2,5
pexels-photo-5715854.jpeg,科技感,4,5,2,3,5
O1CN01XDSysd1xs8KCuaHp5_!!2857836498-0-alimamazszw.jpg,高端轻奢,3,5,5,2,5
O1CN01Tsm8LF1Q7WikfUzhs_!!2113741929-0-alimamazszw.jpg,高端轻奢,3,5,5,3,5
O1CN01OGcEtZ1IdZUv8otDK_!!2089100916-0-alimamazszw.jpg,简约商务,3,5,5,2,5
O1CN01QcvUcC1gI5iNIMpcm_!!2212080264118-0-alimamazszw.jpg,喜庆感,4,5,3,3,4
O1CN01eCz9Vq1QY5fpMB92v_!!2867731987-0-alimamazszw.jpg,卡通童趣,3,5,3,3,3
O1CN01OwharN1KkYkL5YIAC_!!2456131202-0-alimamazszw.jpg,高端轻奢,2,5,5,2,5
O1CN01B5Mf9l1NifzybMhMr_!!1762901604-0-alimamazszw.jpg,高端轻奢,3,5,5,3,5
O1CN01O1d5HC1yegKiriXKB_!!3483176604-0-alimamazszw.jpg,喜庆感,3,5,2,3,4
O1CN01ZQgu5M1tue34IpKnI_!!2208606895962-0-alimamazszw.jpg,简约商务,3,5,4,2,5
O1CN01gLW6wJ1jVmO4W2dLW_!!1763644554-0-alimamazszw.jpg,高端轻奢,3,5,4,3,5
O1CN01yEMHao27hH6trv2fJ_!!2176017828-0-alimamazszw.jpg,高端轻奢,3,5,5,3,5
O1CN014xWzTV1Xm12AGsIOr_!!4096302965-0-alimamazszw.jpg,喜庆感,4,5,1,3,4
O1CN01u4VeE71aEWuHARlKF_!!2207511903298-0-alimamazszw.jpg,高端轻奢,3,5,4,3,5
O1CN01fqyqOw2BxXdjoSQtI_!!3199748405-0-alimamazszw.jpg,喜庆感,2,5,2,2,4
O1CN01WLLqkP1QQIxelDMxc_!!2201228591970-0-alimamazszw.jpg,简约商务,3,5,5,3,5
O1CN01W0xOuw23fCr1dRWcr_!!2200758567282-0-alimamazszw.jpg,简约商务,4,5,5,3,5
pexels-photo-33506859.jpeg,高端轻奢,1,5,5,1,5
O1CN01M7hiHE1ZAZtDTr0Gw_!!2894613154-0-alimamazszw.jpg,高端轻奢,3,5,5,3,5
O1CN01Ek2NTY1whJKiDia2g_!!626926339-0-alimamazszw.jpg,简约商务,3,5,5,2,5
O1CN01WAlOXz1CJ459jXYUN_!!2769690059-0-alimamazszw.jpg,高端轻奢,2,5,5,2,5
O1CN01RcGonZ2214WMhNrEg_!!3990497059-0-alimamazszw.jpg,高端轻奢,3,5,4,3,5
O1CN01pfxhrQ1J1qUZkBUnd_!!2211466210969-0-alimamazszw.jpg,高端轻奢,3,5,5,3,5
O1CN017P2edf1XSmPN58QUs_!!4292912923-0-alimamazszw.jpg,喜庆感,3,5,2,2,4
O1CN01IylNX51XJA62T53eS_!!2201209122902-0-alimamazszw.jpg,科技感,4,5,3,3,5
O1CN013PCNvr1zO1X5U73CZ_!!2200779686703-0-alimamazszw.jpg,简约商务,2,5,5,2,5
O1CN01xF9KiK2MAUz720vlZ_!!2211540879787-0-alimamazszw.jpg,简约商务,3,5,5,3,5
O1CN018BLAen1k5xejyORw7_!!2207750944633-0-alimamazszw.jpg,高端轻奢,3,5,4,2,5
O1CN01L7iJqY211F2Hmk50K_!!2201439326924-0-alimamazszw.jpg,科技感,3,5,4,3,5
O1CN01JTeNJn1gHdIzkPyUD_!!2201314034117-0-alimamazszw.jpg,高端轻奢,3,5,5,2,5
O1CN01squtjH2KogWvjH9Ll_!!289209604-0-alimamazszw.jpg,喜庆感,4,5,3,3,4
O1CN01ECQ8KQ1CQOPJli7ER_!!34020075-0-alimamazszw.jpg,简约商务,3,5,5,3,5
O1CN01vm0gQC1agvT5t6Ies_!!2201414283360-0-alimamazszw.jpg,简约商务,4,5,5,3,5
O1CN01sq12sM2MmyEzqMRDq_!!2207245859871-0-alimamazszw.jpg,科技感,2,5,2,2,5
O1CN010GkbAo1Dj07JxSgei_!!699310251-0-alimamazszw.jpg,简约商务,4,5,5,3,5
O1CN01mOerwY1TqMJCrO9sX_!!28282433-0-alimamazszw.jpg,高端轻奢,3,5,4,2,5
O1CN01SApEG81h0W87ABYkC_!!2208170224215-0-alimamazszw.jpg,喜庆感,3,5,3,2,4
O1CN01o242Xv1zyfChLXIdN_!!3915546783-0-alimamazszw.jpg,科技感,3,5,2,3,5
O1CN01nijMtS1GKfuY8EGDI_!!407840604-0-alimamazszw.jpg,高端轻奢,3,5,4,2,5
O1CN016EuAFH1FdcgVlOVXi_!!2209462610510-0-alimamazszw.jpg,简约商务,3,5,5,2,5
O1CN01uCIDC220endJypLD3_!!1067106875-0-alimamazszw.jpg,高端轻奢,3,5,5,2,5
O1CN01GefmYM1UBQXxCyiUK_!!2207953402479-0-alimamazszw.jpg,时尚感,4,5,2,3,4
O1CN01JGzeKm1FxJiMUroRH_!!2212099450553-0-alimamazszw.jpg,喜庆感,3,5,4,3,4
O1CN01WirSbA1hahOkxkmMk_!!2200636744294-0-alimamazszw.jpg,喜庆感,4,5,4,3,4
O1CN01RhAKEw1rFJ4IoxScO_!!2453925601-0-alimamazszw.jpg,高端轻奢,3,5,4,3,5
O1CN01qtrvVb2HLslTljJ2u_!!3246029135-0-alimamazszw.jpg,时尚感,4,5,2,3,4
O1CN01UDGsox1WjRBIVsV6W_!!3709902824-0-alimamazszw.jpg,简约商务,4,5,5,3,5
O1CN019SlNDi278T0YzmMmZ_!!671207752-0-alimamazszw.jpg,简约商务,4,5,5,3,5
O1CN01LzdAmn268B8daIoqn_!!917727616-0-alimamazszw.jpg,高端轻奢,2,5,5,2,5
O1CN01KTXNLn20YqVKaSY1y_!!784166862-0-alimamazszw.jpg,简约商务,4,5,5,3,5
O1CN01fmeb3L1SdhlM1EuzO_!!3264242270-0-alimamazszw.jpg,简约商务,3,5,5,3,5
O1CN01anQWiR1ErX6wfXgYZ_!!2210076500405-0-alimamazszw.jpg,喜庆感,3,5,3,3,4
O1CN017YJSjT1gRFbwkYtwL_!!2207820414138-0-alimamazszw.jpg,高端轻奢,4,5,4,3,5
O1CN01qDP4OU1lHF36991Q8_!!2207388284793-0-alimamazszw.jpg,高端轻奢,3,5,5,2,5
O1CN01FOeS5n1vctwQzLFpR_!!92686194-0-alimamazszw.jpg,简约商务,3,5,5,2,5
O1CN01A3Y8vb29yL6ChRwqm_!!612748136-0-alimamazszw.jpg,科技感,3,5,2,2,5
O1CN01Oo9EAg1E1JxrFnRHM_!!2206674670291-0-alimamazszw.jpg,高端轻奢,2,5,4,2,5
O1CN01H3QzSP1n7k49d08tm_!!2920895043-0-alimamazszw.jpg,高端轻奢,3,5,4,3,5
O1CN01qff9S728G5C3TWbz4_!!2352297904-0-alimamazszw.jpg,高端轻奢,2,5,4,2,5
O1CN01q7dvu01NrptOpiaJf_!!2455561624-0-alimamazszw.jpg,喜庆感,3,5,3,2,4
O1CN01gE65t01Ffugisgetj_!!509500515-0-alimamazszw.jpg,简约商务,3,5,3,3,5
O1CN01MjNJ8M23SNm9JqEXn_!!488387254-0-alimamazszw.jpg,简约商务,3,5,4,3,5
O1CN014DcTUq1WkoNXOcqLU_!!2064892827-0-alimamazszw.jpg,喜庆感,3,5,3,2,4
O1CN01MbUY6u2Jn1REtdeCJ_!!3159699465-0-alimamazszw.jpg,喜庆感,3,5,2,2,4
O1CN01lzLBpZ27OUrszurOv_!!2208065117787-0-alimamazszw.jpg,简约商务,3,5,5,3,5
O1CN014N6n5n1XU9b1F899Z_!!2207811942926-0-alimamazszw.jpg,简约商务,3,5,5,3,5
O1CN013aRzgQ1HughA8uZhL_!!2200793280818-0-alimamazszw.jpg,喜庆感,2,5,2,2,4
O1CN01PM6kXw1SMIj6NF7G0_!!761942232-0-alimamazszw.jpg,高端轻奢,3,5,4,3,5
O1CN01euppfd1flZZtzCYBW_!!1653734047-0-alimamazszw.jpg,简约商务,3,5,5,3,5
pexels-photo-13015159.jpeg,复古国风,3,5,2,2,3
O1CN01APGOZy2Hv9GgQmjJN_!!1121999212-0-alimamazszw.jpg,高端轻奢,3,5,5,2,5
O1CN01nb9Vx71iVwuDCDOGj_!!2207924324419-0-alimamazszw.jpg,高端轻奢,3,5,5,2,5
O1CN018tpNtM2HLskQLygMJ_!!3696109135-0-alimamazszw.jpg,高端轻奢,3,5,4,3,5
O1CN01CMVBtm1rvRVbY9WFS_!!2209575335693-0-alimamazszw.jpg,简约商务,4,5,5,3,5
O1CN01ORdteO25Un40Gjgin_!!2299967530-0-alimamazszw.jpg,高端轻奢,3,5,4,3,5
pexels-photo-7887857.jpeg,科技感,4,5,2,3,5
O1CN01USv2Sf2CKRRA20t7X_!!2212417978455-0-alimamazszw.jpg,简约商务,3,5,5,3,5
O1CN01H3yXZx1E96gD6mhXT_!!4073240308-0-alimamazszw.jpg,高端轻奢,3,5,4,2,5
O1CN01tO7rZA1ZB2GXZxMaX_!!2467133155-0-alimamazszw.jpg,简约商务,3,5,5,3,5
O1CN010KpZTS1JPf43lzCVT_!!4001641021-0-alimamazszw.jpg,高端轻奢,3,5,4,3,5
O1CN01VyLktg28lE9GN4o2D_!!2202007957972-2-alimamazszw.png,简约商务,2,5,5,2,5
O1CN01JA3xx92HwWRr5IRmu_!!398719215-0-alimamazszw.jpg,喜庆感,4,5,2,3,4
O1CN01arOlFa2CBHVnubauE_!!3416138435-0-alimamazszw.jpg,科技感,3,5,3,3,5
O1CN01aRrGkF1vBQAoUlX5V_!!2209192746134-0-alimamazszw.jpg,喜庆感,3,5,3,3,4
pexels-photo-35383135.jpeg,复古国风,3,5,3,2,3
O1CN017goQuZ1KT9jZgtPCG_!!2207959261164-0-alimamazszw.jpg,喜庆感,4,5,4,3,4
O1CN01mKY8ro2NVr50xOrxN_!!2603879969-0-alimamazszw.jpg,科技感,2,5,3,2,5
O1CN01EmMJkN1L4iD1usBJz_!!3164711246-0-alimamazszw.jpg,简约商务,2,5,5,2,5
O1CN01E6DEzj1q3ZJGOxNd6_!!2206373695440-0-alimamazszw.jpg,简约商务,4,5,5,3,5
O1CN018sRbgI2Ap0eXLdQiP_!!2211804518251-0-alimamazszw.jpg,简约商务,2,5,5,2,5
O1CN01wf3Zlr1sCO9acmhzL_!!3695865730-0-alimamazszw.jpg,简约商务,3,5,3,2,5
O1CN01mGsF4J1uFFqeArUXG_!!2201298436007-0-alimamazszw.jpg,高端轻奢,4,5,4,3,5
O1CN01CbguVT1g23qlCtjW2_!!379424083-0-alimamazszw.jpg,简约商务,2,5,5,2,5
O1CN01q2VTig1WbC3tacSJ3_!!1720392806-0-alimamazszw.jpg,简约商务,3,5,4,2,5
O1CN01ACPm3T1V4O51TSOU7_!!2906932599-0-alimamazszw.jpg,高端轻奢,3,5,5,3,5
O1CN01NJobFm1fJB1vlWs07_!!481323985-0-alimamazszw.jpg,高端轻奢,2,5,5,2,5
O1CN01a9A1dJ1S2bhXBIgFX_!!3586492189-0-alimamazszw.jpg,高端轻奢,3,5,4,3,5
O1CN01eaSAAV2J0TUdV9D2z_!!2208206549359-0-alimamazszw.jpg,简约商务,2,5,5,2,5
O1CN01ZatO0E1EdnEy0mHQ1_!!2211788430375-0-alimamazszw.jpg,喜庆感,3,5,4,2,4
O1CN01Fem6TZ1XnqdGkkW2h_!!3027922969-0-alimamazszw.jpg,简约商务,2,5,5,2,5
O1CN01M62LMv1Cp7oCVzL3i_!!2202591330129-0-alimamazszw.jpg,高端轻奢,2,5,5,2,5
O1CN01SUHc2D2GhZtbRS6MH_!!4238119047-0-alimamazszw.jpg,简约商务,2,5,5,2,5
O1CN01P3l65j1OrCyo6JKMf_!!2204988471758-0-alimamazszw.jpg,简约商务,3,5,4,3,5
O1CN019vM7hF24yjLiZkSis_!!3299877460-0-alimamazszw.jpg,简约商务,2,5,5,2,5
O1CN01QdVcJH23CoIYY7hVU_!!2843997220-0-alimamazszw.jpg,科技感,3,5,3,2,5
O1CN01T6eyyb2FkUp0cnCjA_!!2202666378918-0-alimamazszw.jpg,时尚感,3,5,2,3,4
O1CN014qaTHG2DZNy7PzgFz_!!2200734688623-0-alimamazszw.jpg,喜庆感,3,5,3,3,4
O1CN01FYXD2Z1YREgYQS3VI_!!1859653055-0-alimamazszw.jpg,高端轻奢,2,5,5,2,5
O1CN01aPAXf81kECnw2gEG8_!!2941014651-0-alimamazszw.jpg,喜庆感,3,5,2,2,4
O1CN01lanydh2N2XjZVlzCU_!!3371569905-0-alimamazszw.jpg,高端轻奢,3,5,5,3,5
O1CN01GHfZdE1f7GhX3kXZo_!!2939243959-0-alimamazszw.jpg,简约商务,3,5,3,3,5
O1CN01gYmc3n2DULaoiua5L_!!2207171788612-0-alimamazszw.jpg,简约商务,2,5,4,2,5
O1CN01PXi0Ar1UXrwX6KH42_!!369592528-0-alimamazszw.jpg,简约商务,3,5,4,2,5
O1CN01Yuu7KM22NVuSpfDLW_!!4057517108-0-alimamazszw.jpg,简约商务,3,5,3,3,5
O1CN01uUXMzB1PrxFSzlWvm_!!2095691895-0-alimamazszw.jpg,高端轻奢,4,5,4,4,5
O1CN01s1lsRN1h1QuuFiUDN_!!2206397234217-0-alimamazszw.jpg,科技感,3,5,3,2,5
O1CN01H8Jpno1Qp2LOtqWWv_!!2370322024-0-alimamazszw.jpg,喜庆感,4,5,3,4,4
O1CN017WaPvu2BAzeWQrNWI_!!3314768299-0-alimamazszw.jpg,喜庆感,3,5,4,3,4
O1CN01iA2aR71cSO74C8dKe_!!2911463599-0-alimamazszw.jpg,高端轻奢,3,5,5,3,5
O1CN013tUmdD2JyTLsAh4G6_!!1664229490-0-alimamazszw.jpg,简约商务,3,5,4,3,5
O1CN01iQ2bcj23dpeXM3oJ7_!!2206554327279-0-alimamazszw.jpg,简约商务,3,5,5,3,5
O1CN01UBDYUn2JIKvw6MbCl_!!1654489398-0-alimamazszw.jpg,简约商务,3,5,5,3,5
O1CN01HndVkL1l8XWPy7r8C_!!2455154774-0-alimamazszw.jpg,科技感,3,5,3,3,5
O1CN01J9NH5C1s6R15V57PN_!!4033595717-0-alimamazszw.jpg,简约商务,4,5,5,3,5
O1CN01XipE0h1Gy3ygMbzqT_!!1794440690-0-alimamazszw.jpg,喜庆感,2,5,3,2,4
O1CN01Swshf020Pgal5EBML_!!1057846842-2-alimamacc.png,喜庆感,3,5,4,3,4
pexels-photo-35113537.jpeg,高端轻奢,3,5,5,2,5
O1CN01a5Tjah23op9uzTTQ0_!!883737303-0-alimamazszw.jpg,喜庆感,3,5,3,3,4
O1CN010VFYH11g8vmKezNPs_!!4275674098-0-alimamazszw.jpg,时尚感,3,5,2,2,4
O1CN01yyMIwv1hbcD1fl6xb_!!1734094296-0-alimamazszw.jpg,高端轻奢,3,5,5,3,5
O1CN01XSNQTx1GztZWVy1Lx_!!3460140694-0-alimamazszw.jpg,高端轻奢,3,5,5,3,5
pexels-photo-7986992.jpeg,喜庆感,2,5,5,2,4
O1CN01e9vJ6l2AxFm8Bgduo_!!1721188269-0-alimamazszw.jpg,喜庆感,3,5,3,3,4
O1CN01L6Fgfr26NICpWPW24_!!676197649-0-alimamazszw.jpg,喜庆感,3,5,2,3,4
O1CN01EL2OP01d1CEXflttY_!!2200988943675-0-alimamazszw.jpg,卡通童趣,2,5,2,2,3
O1CN01lWXItW1zS94FCGqdG_!!4070516712-0-alimamazszw.jpg,科技感,3,5,3,3,5
O1CN01Y137Mg1cF6eRq2mHj_!!4092953570-0-alimamazszw.jpg,简约商务,4,5,3,3,5
O1CN01GPcU921ZXw5bPXheF_!!1112473205-0-alimamazszw.jpg,简约商务,3,5,5,3,5
O1CN015QHrqS1VubCnrdaIA_!!1824502713-0-alimamazszw.jpg,科技感,3,5,4,3,5
O1CN01IStHOc1uwlUkXm4jl_!!3252796102-0-alimamazszw.jpg,高端轻奢,2,5,5,2,5
O1CN01AB68Ug1BySFuiWkYY_!!508370014-0-alimamazszw.jpg,高端轻奢,3,5,5,3,5
O1CN01dypPuk2ESnuRlN95h_!!2207532098744-0-alimamazszw.jpg,喜庆感,3,5,2,3,4
O1CN01mwdfsZ1qnMuIVTC5X_!!1761495540-0-alimamazszw.jpg,科技感,4,5,3,3,5
O1CN01RwNW7R1GM356SnEXN_!!2456830607-0-alimamazszw.jpg,简约商务,3,5,4,2,5
O1CN01u0GNzj1yvczFEbO8R_!!721176641-0-alimamazszw.jpg,简约商务,3,5,5,3,5
O1CN01zqo1kE1ffA1e2NMFx_!!2341054033-0-alimamazszw.jpg,简约商务,2,5,5,2,5
O1CN01bBiXmT22C42MpAw7v_!!370627083-0-alimamazszw.jpg,科技感,4,5,2,3,5
O1CN01zBu0Ni1YYZ0gDxfYx_!!2208214283071-0-alimamazszw.jpg,高端轻奢,3,5,5,3,5
O1CN01YTnKiQ1YfQwx8NWbM_!!828233086-0-alimamazszw.jpg,简约商务,3,5,5,3,5
O1CN01SFUeQh1L4iDC0jfXQ_!!3164711246-0-alimamazszw.jpg,科技感,3,5,3,3,5
O1CN01tFDWNE1ss4CeDLj1r_!!174145821-0-alimamazszw.jpg,高端轻奢,4,5,4,3,5
O1CN01A23v3k1GKfuujGBP8_!!407840604-0-alimamazszw.jpg,科技感,2,5,2,2,5
O1CN01HV1LFk27z8Y26847o_!!2211484357867-0-alimamazszw.jpg,高端轻奢,3,5,5,2,5
O1CN01dh03yw24mp3w7ImlY_!!587517434-0-alimamazszw.jpg,喜庆感,3,5,2,2,4
O1CN01vwM40l2Kw0piUf2Rm_!!850069620-0-alimamazszw.jpg,喜庆感,3,5,4,3,4
O1CN01cAsKrd1vQXFIu4wIK_!!906046167-0-alimamazszw.jpg,高端轻奢,4,5,5,3,5
free-photo-of-prada.jpeg,高端轻奢,3,5,4,2,5
O1CN01MrrWaC2HcN0gH7QBs_!!2973329171-0-alimamazszw.jpg,高端轻奢,3,5,3,3,5
pexels-photo-8530113.jpeg,高端轻奢,3,5,5,2,5
O1CN01Ntxbkr1RUFxN1cEmx_!!2415742114-0-alimamazszw.jpg,喜庆感,4,5,3,3,4
O1CN01677ElX2IUPjiQLCGJ_!!2938699289-0-alimamazszw.jpg,简约商务,3,5,5,3,5
O1CN01JLOGTK1TYxHDQgL1W_!!557182395-0-alimamazszw.jpg,时尚感,4,5,2,3,4
O1CN01aHL7Fx1KKSCGKtYpn_!!3814931145-0-alimamazszw.jpg,高端轻奢,3,5,5,3,5
O1CN01kPU5fu2CLodeDNhGh_!!2058238458-0-alimamazszw.jpg,高端轻奢,3,5,4,2,5
O1CN01rEmWPS1FMDeKaSABF_!!1856110472-0-alimamazszw.jpg,简约商务,2,5,5,2,5
O1CN01Jufgmx2DY0nlcO4dZ_!!3913958620-0-alimamazszw.jpg,高端轻奢,4,5,5,3,5
O1CN019KJfcY2KylF9S3ba0_!!2207494759626-0-alimamazszw.jpg,喜庆感,3,5,4,3,4
O1CN01CAzTO229FugHz8KVp_!!2780268039-0-alimamazszw.jpg,简约商务,4,5,5,4,5
O1CN01uJpP8K1PeDNGsTvLZ_!!2206599271865-0-alimamazszw.jpg,简约商务,3,5,3,3,5
O1CN013DDYLm1kpItfZApeY_!!2208016754732-0-alimamazszw.jpg,喜庆感,4,5,4,3,4
O1CN01TamzXy1SMIj8WiREp_!!761942232-0-alimamazszw.jpg,高端轻奢,4,5,5,3,5
O1CN01zX7xWL2HNiJwDVaMC_!!2201474289139-0-alimamazszw.jpg,科技感,2,5,3,2,5
O1CN01cfRrHw1FRFyrBxQes_!!3252460483-0-alimamazszw.jpg,时尚感,4,5,3,3,4
O1CN01A0tYGA1CEwVQueOyT_!!1626750050-0-alimamazszw.jpg,高端轻奢,3,5,5,2,5
O1CN01VD9yoz1uLD1B9pEtQ_!!2208794476020-0-alimamazszw.jpg,简约商务,3,5,5,2,5
O1CN014qbBc21n7k3zmKZU7_!!2920895043-0-alimamazszw.jpg,高端轻奢,3,5,4,3,5
O1CN01p2Rzot23R0aQ2yEIg_!!1043797251-0-alimamazszw.jpg,喜庆感,3,5,3,3,4
O1CN01RnVlfx220c6YZcw8i_!!2207526107058-0-alimamazszw.jpg,简约商务,4,5,5,3,5
O1CN01oXNW0B27hH5kFrz1m_!!2176017828-0-alimamazszw.jpg,简约商务,3,5,4,3,5
O1CN01NyFYlI1yTEQss9jRy_!!2207487286579-0-alimamazszw.jpg,高端轻奢,2,5,5,2,5
O1CN01pIgvRs1yGPKmAU69W_!!2200657116551-0-alimamazszw.jpg,喜庆感,3,5,4,3,4
O1CN01SzOPuK1xh8oRa7j2i_!!2259016474-0-alimamazszw.jpg,喜庆感,3,5,3,3,4
O1CN010pj3mA1XyNieHHSFo_!!793242992-0-alimamazszw.jpg,喜庆感,2,5,4,2,4
O1CN01b1BvI41xHx1MF3hpc_!!797476419-0-alimamazszw.jpg,高端轻奢,3,5,5,2,5
O1CN01DqI9j52KcmEODD2OH_!!2201210089578-0-alimamazszw.jpg,喜庆感,4,5,2,4,4
O1CN01eM3rh624oecA9xrVa_!!2206808257438-0-alimamazszw.jpg,高端轻奢,4,5,5,3,5
O1CN01HxiU3f1mB7Lrrm3mg_!!709594915-0-alimamazszw.jpg,喜庆感,3,5,3,3,4
O1CN019omQBJ1QaNeRFeuZu_!!2206505491992-0-alimamazszw.jpg,高端轻奢,4,5,5,3,5
O1CN01PY48cB2LpQn6zHBtc_!!3182189741-0-alimamazszw.jpg,高端轻奢,3,5,5,2,5
O1CN01gHCif02KnlizxmcAH_!!2212357419602-0-alimamazszw.jpg,简约商务,2,5,5,2,5
O1CN01qrbomO1dkzrXuJ2ef_!!2211814493775-0-alimamazszw.jpg,高端轻奢,3,5,4,3,5
O1CN01KS3UU82AsfoQhpHZH_!!2207121818259-0-alimamazszw.jpg,简约商务,3,5,5,3,5
O1CN01Dp92551L4iCWcTyGB_!!3164711246-0-alimamazszw.jpg,高端轻奢,2,5,5,2,5
O1CN01TaV4g11U5TOyzhhnB_!!420722466-0-alimamazszw.jpg,简约商务,2,5,5,2,5
O1CN01tXPzEm1Oy4w0rr38S_!!4258201773-0-alimamazszw.jpg,喜庆感,3,5,3,3,4
O1CN01pxX8cR1afYHwvd2Fq_!!828813357-0-alimamazszw.jpg,科技感,3,5,2,3,5
O1CN014Ggo3w2DqKcQKDQwH_!!2200724738660-0-alimamazszw.jpg,高端轻奢,3,5,5,3,5
O1CN01eQJwuk1O7rlRmkQDc_!!466331659-0-alimamazszw.jpg,高端轻奢,5,5,4,4,5
O1CN01FPisoD24WnBfM5rdd_!!3094237399-0-alimamazszw.jpg,喜庆感,3,5,3,3,4
O1CN01W3snp81M7kQbTmODW_!!2211270221388-0-alimamazszw.jpg,高端轻奢,4,5,4,3,5
pexels-photo-35515543.jpeg,复古国风,2,5,3,2,3
pexels-photo-18068746.png,科技感,3,5,3,3,5
O1CN0166qZBS2DalAyxLvNE_!!2059698626-0-alimamazszw.jpg,科技感,3,5,3,2,5
O1CN01ZuQ98l1rwMJ2MKJ4F_!!2207661715695-0-alimamazszw.jpg,喜庆感,4,5,4,3,4
O1CN01e5FTCP1NcGRyanaqJ_!!409791590-0-alimamazszw.jpg,高端轻奢,2,5,5,2,5
O1CN01VTf8Bh1oEtsTtViNR_!!2211983705194-0-alimamazszw.jpg,科技感,2,5,3,2,5
O1CN01DAqbuv1vfBszppylD_!!2072356199-0-alimamazszw.jpg,高端轻奢,3,5,4,3,5
O1CN01U7WEMY2Chne4f8ZSp_!!2200630458506-0-alimamazszw.jpg,简约商务,3,5,5,3,5
O1CN01VPrYVc1qP5txG9Eo0_!!4148275487-0-alimamazszw.jpg,高端轻奢,3,5,4,3,5
O1CN019tP1Lg1TGB1jadB8M_!!3077102354-0-alimamazszw.jpg,高端轻奢,2,5,5,2,5
O1CN01ZjQjaZ1blnJnLF2oL_!!2210238253506-0-alimamazszw.jpg,时尚感,3,5,2,2,4
O1CN01ONqJBt1r1ZBB1yEPZ_!!3942175571-0-alimamazszw.jpg,高端轻奢,3,5,5,2,5
O1CN01enW2Ix1GjPIg8NlY9_!!2957350658-0-alimamazszw.jpg,高端轻奢,4,5,4,3,5
O1CN01e16JnK1WqlX6S04tq_!!2200552342840-0-alimamazszw.jpg,高端轻奢,3,5,4,2,5
O1CN01hmR1ej1qkcX2zUf9Q_!!3208825534-0-alimamazszw.jpg,高端轻奢,3,5,4,3,5
O1CN01BUYOM92Kw0p9bI0vy_!!850069620-0-alimamazszw.jpg,高端轻奢,3,5,5,2,5
O1CN01nJDjPT1PlXhQuo42o_!!679441881-0-alimamazszw.jpg,简约商务,5,5,5,4,5
O1CN019ii2if2BpkuG1kjKI_!!2201294088388-0-alimamazszw.jpg,简约商务,3,5,3,2,5
O1CN01hwF4pN1BySFEhOD6j_!!508370014-0-alimamazszw.jpg,简约商务,2,5,5,2,5
O1CN01rPvh7D1z0CuKeBEvc_!!2200742216651-0-alimamazszw.jpg,喜庆感,3,5,4,2,4
O1CN01fs8O0o1xZM5pEh82o_!!2923226457-0-alimamazszw.jpg,喜庆感,3,5,3,2,4
pexels-photo-31041721.jpeg,科技感,3,5,4,3,5
O1CN010VzJDF1GKfv7LpAPh_!!407840604-0-alimamazszw.jpg,简约商务,4,5,3,3,5
O1CN018o8rAf25Gao5ocdgE_!!533497499-0-alimamazszw.jpg,高端轻奢,2,5,5,2,5
O1CN01brQFDe2214XgqUYSG_!!3990497059-0-alimamazszw.jpg,高端轻奢,3,5,5,3,5
O1CN015uy6rb28zsp5FwZOn_!!2885348004-0-alimamazszw.jpg,简约商务,2,5,5,2,5
O1CN01gXyfoW1rvRVd2xgG1_!!2209575335693-0-alimamazszw.jpg,喜庆感,4,5,2,3,4
pexels-photo-19479450.jpeg,复古国风,2,5,3,2,3
O1CN01BIiKLq2FFoHKD8dZe_!!2210587678851-0-alimamazszw.jpg,简约商务,2,5,5,2,5
O1CN01HR9QdS1SwwP4eNK43_!!730372312-0-alimamazszw.jpg,高端轻奢,2,5,5,2,5
O1CN01eEXJn21dqx03Uqorm_!!3856903788-0-alimamazszw.jpg,科技感,3,5,3,3,5
O1CN01P06X0G1gWHxHYr38E_!!197024149-0-alimamazszw.jpg,简约商务,3,5,5,3,5
O1CN01zgoiwI1HcpEtBrvCt_!!1813340779-0-alimamazszw.jpg,高端轻奢,4,5,5,3,5
pexels-photo-12404730.jpeg,卡通童趣,3,5,2,3,3
O1CN01n4h07x1Fo9mnffUEf_!!2541050533-0-alimamazszw.jpg,喜庆感,4,5,4,3,4
O1CN010SGFyu1ZyV3xbQtP8_!!1100613263-0-alimamazszw.jpg,科技感,2,5,2,2,5
O1CN01kVCPTo1QWiV8JkMAu_!!4072071984-0-alimamazszw.jpg,高端轻奢,3,5,4,3,5
O1CN01OdbrNw1KFsFXWj6u2_!!2200725341135-0-alimamazszw.jpg,简约商务,3,5,5,3,5
O1CN01mirapT1L08FfKH5Bj_!!4245191236-0-alimamazszw.jpg,喜庆感,3,5,3,3,4
O1CN01j2F6mn1i0LazoZ3JU_!!4013004350-0-alimamazszw.jpg,简约商务,2,5,5,2,5
O1CN0180GqXL1Q3rW2geSQX_!!2969151921-0-alimamazszw.jpg,科技感,3,5,4,3,5
O1CN019YUdep1FkUca1q6id_!!822280525-0-alimamazszw.jpg,高端轻奢,3,5,4,2,5
O1CN01ahphOW1j15p526uxV_!!2207875404487-0-alimamazszw.jpg,喜庆感,3,5,3,3,4
O1CN01GQVK1T2EjIA7LfGJo_!!1629358780-0-alimamazszw.jpg,高端轻奢,4,5,5,3,5
O1CN01kcGoLE1KWMUi04VcL_!!2200806371171-0-alimamazszw.jpg,简约商务,3,5,5,3,5
O1CN01uCoJ2w1YfQyTmQvS5_!!828233086-0-alimamazszw.jpg,简约商务,3,5,5,3,5
O1CN01w68snV1TzWG6m2TWJ_!!2208831162453-0-alimamazszw.jpg,简约商务,4,5,4,3,5
O1CN01ZZEltM1BySG0tIF9n_!!508370014-0-alimamazszw.jpg,高端轻奢,2,5,4,2,5
O1CN01Tunjpg1kDkPudYWGB_!!737304650-0-alimamazszw.jpg,简约商务,3,5,5,3,5
pexels-photo-1705581.jpeg,高端轻奢,1,5,4,1,5
O1CN01pjyIvv2JKctmadxbu_!!2374579403-0-alimamazszw.jpg,简约商务,4,5,5,3,5
O1CN01didcSB1yrVP8Qnj2s_!!2209317326632-0-alimamazszw.jpg,高端轻奢,3,5,5,2,5
pexels-photo-11174629.jpeg,复古国风,4,5,3,3,3
O1CN01rTh5Or1EODlwnJnXu_!!2208146080341-0-alimamazszw.jpg,喜庆感,2,5,3,2,4
pexels-photo-33020833.jpeg,高端轻奢,3,5,4,3,5
pexels-photo-3202230.jpeg,科技感,3,5,2,2,5
O1CN01jcCojo2HmRjo1HiuZ_!!468369193-0-alimamazszw.jpg,高端轻奢,3,5,5,3,5
O1CN01TtlwMk1X7iBjFoaEf_!!2206985132877-0-alimamazszw.jpg,科技感,4,5,2,3,5
O1CN01I29gW01R01pe8qGBQ_!!2101232048-0-alimamazszw.jpg,科技感,3,5,3,3,5
O1CN01ci2jos1PNGhCztu4F_!!808431828-0-alimamazszw.jpg,简约商务,2,5,5,2,5
O1CN01yQTuvq1G045sMNCAy_!!2200655120559-0-alimamazszw.jpg,简约商务,3,5,3,3,5
O1CN01ghJ2Lf1Spc2ckpVtR_!!2779512296-0-alimamazszw.jpg,卡通童趣,3,5,2,3,3
O1CN01pUIiVL1ZkInRBIHlw_!!730053232-0-alimamazszw.jpg,喜庆感,3,5,3,2,4
O1CN013EXDZZ1SdhlUTrBDw_!!3264242270-0-alimamazszw.jpg,高端轻奢,3,5,4,2,5
O1CN01z13yxQ1MXr1EZiZzs_!!2439271445-0-alimamazszw.jpg,简约商务,3,5,4,3,5
O1CN01QWmi7m1jpTOnBiNEY_!!2211479884597-0-alimamazszw.jpg,科技感,4,5,3,4,5
O1CN01W0aMFM1Ca0ha9nXxZ_!!2014110096-0-alimamazszw.jpg,高端轻奢,2,5,5,1,5
O1CN01PCtSy11JL58Sf1AUZ_!!3935671011-0-alimamazszw.jpg,简约商务,2,5,5,2,5
pexels-photo-7577872.jpeg,高端轻奢,3,5,2,2,5
O1CN01dRi0uS1vLxHSABmut_!!2196516157-0-alimamazszw.jpg,喜庆感,3,5,2,2,4
O1CN01wW7qCk1VKPvbxX90E_!!3449622634-0-alimamazszw.jpg,科技感,4,5,3,3,5
O1CN01amSWBS25KFxJborgP_!!125277507-0-alimamazszw.jpg,简约商务,3,5,4,2,5
O1CN01BIwiqM2Iu3w73nvAZ_!!3839849345-0-alimamazszw.jpg,时尚感,3,5,2,2,4
O1CN01Wbae5D1amsdmrFTpb_!!2514673373-0-alimamazszw.jpg,简约商务,3,5,4,2,5
O1CN01PN0Ioe1GA8n5ggrKn_!!1644760581-0-alimamazszw.jpg,高端轻奢,3,5,4,2,5
O1CN01Z3msQ929UZMNLeZ7M_!!1691788071-0-alimamazszw.jpg,简约商务,2,5,5,2,5
O1CN012VniZO1ZJHPFCr8im_!!762073173-0-alimamazszw.jpg,简约商务,3,5,5,3,5
O1CN01OD83gv1l9SK1CpAeT_!!1684224776-0-alimamazszw.jpg,科技感,3,5,3,3,5
O1CN01iZOS9U1cnulBctvEj_!!700993646-0-alimamazszw.jpg,时尚感,3,5,2,2,4
pexels-photo-34482960.png,时尚感,4,5,2,3,4
O1CN01B7AFFM2MHpKtzpz6a_!!2659239803-0-alimamazszw.jpg,喜庆感,3,5,3,3,4
O1CN01WmcLEK1rKnnDGsaSm_!!2206662865613-0-alimamazszw.jpg,简约商务,3,5,5,3,5
O1CN01HxtSD92Fci4MgNSSh_!!2210058901-0-alimamazszw.jpg,高端轻奢,4,5,4,3,5
O1CN01hJshqX1hVCeikzN5Q_!!2098794282-0-alimamazszw.jpg,高端轻奢,3,5,5,3,5
pexels-photo-5715854.jpeg,简约商务,4,5,5,3,5
O1CN01QajiiC1xmBBaq52sz_!!1883716485-0-alimamazszw.jpg,喜庆感,3,5,2,3,4
O1CN01EUjvAT2CoDBWreb4j_!!909438520-0-alimamazszw.jpg,高端轻奢,3,5,4,3,5
O1CN01emkmYr1tAqQjnQ9r0_!!12465862-0-alimamazszw.jpg,科技感,3,5,3,3,5
O1CN01ne4uiB1GyymQ7sDiU_!!1799180692-0-alimamazszw.jpg,简约商务,3,5,5,3,5
O1CN01D3gxQh2Au30TuvUOJ_!!2340738262-0-alimamazszw.jpg,喜庆感,4,5,2,3,4
O1CN01mHRsZv1vyQYRnRE6H_!!3430046241-0-alimamazszw.jpg,高端轻奢,2,5,5,2,5
O1CN01ydbq6m1ZUGvnnrxQ4_!!2208529033197-0-alimamazszw.jpg,高端轻奢,2,5,5,2,5
O1CN014suX0C1dGJK0dQR30_!!2211475163708-0-alimamazszw.jpg,高端轻奢,2,5,5,2,5
O1CN017Hv0a51kNp7guclJc_!!3897894672-0-alimamazszw.jpg,高端轻奢,3,5,4,3,5
O1CN012cRg4o1NgO1RhAyZY_!!267041599-0-alimamazszw.jpg,喜庆感,3,5,2,3,4
O1CN01rIlBbY1lFrrUqjgUn_!!575074790-0-alimamazszw.jpg,简约商务,3,5,5,3,5
O1CN01sFBQuZ1M504skw6Xu_!!3309901382-0-alimamazszw.jpg,喜庆感,3,5,3,3,4
O1CN018mmONj1oPQyqEad4F_!!3817485217-0-alimamazszw.jpg,简约商务,3,5,5,2,5
O1CN01Mpky931ncszl5V8XR_!!1087965111-0-alimamazszw.jpg,简约商务,4,5,5,3,5
O1CN01diGpIV1JfEZ5EYfgp_!!2200783381055-0-alimamazszw.jpg,高端轻奢,3,5,5,3,5
O1CN019r6SHb1UcRvniSkF4_!!2044242538-0-alimamazszw.jpg,简约商务,3,5,5,2,5
O1CN01P42mlk1UKaTlKKTb4_!!4099872499-0-alimamazszw.jpg,简约商务,3,5,4,3,5
O1CN01bCWXoW1zS96MiM8rT_!!3230476712-0-alimamazszw.jpg,高端轻奢,4,5,5,3,5
O1CN01ji00Td23aATUTZFlb_!!3163887271-0-alimamazszw.jpg,简约商务,3,5,3,3,5
O1CN01JZG97q1jMA3Z6zGzZ_!!2210533084533-0-alimamazszw.jpg,简约商务,4,5,5,3,5
O1CN01yH7hBs1bDu0vFYYQd_!!1752023432-0-alimamazszw.jpg,科技感,4,5,3,3,5
O1CN01Zmb99x1DFEMIVflWt_!!2209524710186-0-alimamazszw.jpg,简约商务,3,5,5,3,5
O1CN01zRYY492GEixVoVwoL_!!470168984-0-alimamazszw.jpg,高端轻奢,3,5,4,3,5
pexels-photo-16378488.jpeg,高端轻奢,1,5,5,1,5
O1CN01W3EqFv1tyJDN1kiAd_!!2212381785970-2-alimamazszw.png,高端轻奢,3,5,4,2,5
O1CN0157WvNc1GTNSXkauPZ_!!2200904660623-0-alimamazszw.jpg,简约商务,4,5,4,3,5
O1CN01sQoTfU2G3jSHOlyfA_!!3871378960-0-alimamazszw.jpg,科技感,3,5,2,2,5
O1CN01vWP58225UKevRdjoz_!!748237529-0-alimamazszw.jpg,高端轻奢,3,5,4,2,5
O1CN01GRTc3r2CLodXXMiB3_!!2058238458-0-alimamazszw.jpg,高端轻奢,3,5,4,2,5
d79d84ed-64c0-47ba-9a58-e9484896403a.jpg,复古国风,3,5,2,2,3
O1CN01fX14rD290nbj7FP5l_!!2206788258006-0-alimamazszw.jpg,简约商务,3,5,4,3,5
O1CN01niDXmK1jz5jHFSfie_!!1884884618-0-alimamazszw.jpg,喜庆感,3,5,2,3,4
O1CN01xvDw0m2CU3jpJWgrK_!!2207958178476-0-alimamazszw.jpg,简约商务,2,5,5,2,5
O1CN01B3tbdG1GahndK7u6w_!!2207358790639-0-alimamazszw.jpg,科技感,3,5,2,3,5
O1CN01wgTRSw2L8pvYqPMUW_!!3011229648-0-alimamazszw.jpg,高端轻奢,3,5,4,2,5
O1CN01rRRXJm2GFBLq8bhDg_!!2207952488985-0-alimamazszw.jpg,高端轻奢,3,5,5,3,5
O1CN01V5JNPO1PSlSmna1Eo_!!2209566771840-0-alimamazszw.jpg,科技感,3,5,3,3,5
O1CN01IUtNs51KfyomqPTV3_!!2201197361192-0-alimamazszw.jpg,简约商务,2,5,5,2,5
O1CN01AHS8Fk1zBeqHQYq8k_!!793926676-0-alimamazszw.jpg,高端轻奢,3,5,5,3,5
O1CN01AxnEx11JL570wqyJW_!!3935671011-0-alimamazszw.jpg,简约商务,2,5,5,2,5
O1CN01xK7Brh1vQXF6v1s3S_!!2613416167-0-alimamazszw.jpg,高端轻奢,3,5,5,3,5
O1CN01LEfjFq1SaxP8jlLbb_!!363572264-0-alimamazszw.jpg,简约商务,2,5,3,2,5
O1CN01YhUdB6265Qk3hclTQ_!!4099817610-0-alimamazszw.jpg,高端轻奢,4,5,4,3,5
O1CN01SPOtCE2NigAvFyyqs_!!2200632219997-0-alimamazszw.jpg,高端轻奢,2,5,5,1,5
O1CN01c5tYjy1u2t9Y7uvgi_!!2207303845980-0-alimamazszw.jpg,科技感,2,5,2,2,5
O1CN01vBObNG1EdnDS14RW4_!!3285660375-0-alimamazszw.jpg,简约商务,3,5,5,2,5
O1CN01RYQltC1WCv2kpaO64_!!2206747412753-0-alimamazszw.jpg,科技感,2,5,3,2,5
O1CN01bc1EvQ1QxHStiIzXB_!!1727672042-0-alimamazszw.jpg,高端轻奢,3,5,5,3,5
O1CN01XP82Lj1JvGQRR77ux_!!4003231090-0-alimamazszw.jpg,高端轻奢,4,5,4,3,5
O1CN013rAQcr1It8yi7aMUT_!!2206428310950-0-alimamazszw.jpg,喜庆感,4,5,4,3,4
O1CN010Nk13c1MpiQw8hb8Y_!!901711484-0-alimamazszw.jpg,简约商务,2,5,5,2,5
O1CN01wKYfwO1scUkNQpnYY_!!2090245787-0-alimamazszw.jpg,简约商务,4,5,5,4,5
O1CN01vshscX27OUrqefCjo_!!2208065117787-0-alimamazszw.jpg,简约商务,3,5,5,2,5
O1CN01AZaXR227OUrvqXuR2_!!2208065117787-0-alimamazszw.jpg,简约商务,3,5,4,3,5
O1CN01BY6FvK2N25LbyQ1Jf_!!2206372249904-0-alimamazszw.jpg,简约商务,3,5,5,2,5
O1CN01MaWE4T1vh1VeM2Ukt_!!2206573316203-0-alimamazszw.jpg,高端轻奢,3,5,5,2,5
O1CN01TKapoP1QWiV8hIQX0_!!4072071984-0-alimamazszw.jpg,高端轻奢,3,5,4,2,5
O1CN01CiNoPe1NAmgnZAPs2_!!2208140691530-0-alimamazszw.jpg,喜庆感,3,5,3,2,4
O1CN016lBAFd1ZVBil3a0HU_!!1914933199-0-alimamazszw.jpg,时尚感,3,5,3,2,4
O1CN01hP1QNF1p3HQ3kIPtt_!!1573425304-0-alimamazszw.jpg,高端轻奢,3,5,5,3,5
O1CN019u5FA91dav7m2lkvk_!!3471283753-0-alimamazszw.jpg,简约商务,3,5,5,3,5
O1CN01TohXJK1DfnLRTc7KP_!!3217310244-0-alimamazszw.jpg,高端轻奢,4,5,5,3,5
O1CN01ZAN0pM2H0M9JipKJI_!!2206510409088-0-alimamazszw.jpg,简约商务,3,5,5,2,5
O1CN01MN5sKA2D6zQXHkPIH_!!1934758561-0-alimamazszw.jpg,高端轻奢,3,5,4,3,5
O1CN01LQ66Vm1nbVobTnRly_!!2988615108-0-alimamazszw.jpg,喜庆感,3,5,2,3,4
O1CN01HiJSOb1NI70hj08yl_!!2200675831546-0-alimamazszw.jpg,科技感,3,5,2,3,5
O1CN012Z2RO01WFfSLyk1bH_!!1014642759-0-alimamazszw.jpg,高端轻奢,2,5,5,2,5
O1CN01fmnTVA1HSI7lzVtPy_!!2207844590756-0-alimamazszw.jpg,时尚感,3,5,2,3,4
pexels-photo-5475760.jpeg,科技感,3,5,4,2,5
O1CN01Vmaxyh24xoYiFRY1v_!!1863907458-0-alimamazszw.jpg,简约商务,3,5,5,2,5
O1CN01y3bJFS28G5C6T0Zzs_!!1840847904-0-alimamazszw.jpg,高端轻奢,4,5,4,4,5
O1CN01ADliQo27OUqizKNtV_!!2208065117787-0-alimamazszw.jpg,高端轻奢,3,5,5,3,5
O1CN01pFFNEJ1RIo4jhxIvI_!!1983722089-0-alimamazszw.jpg,简约商务,3,5,5,2,5
O1CN01so3aVn29nnzehfBoa_!!154338113-0-alimamazszw.jpg,简约商务,4,5,4,3,5
O1CN010NBIpi1lqxvQ9keQP_!!2207531124871-0-alimamazszw.jpg,简约商务,3,5,4,2,5
O1CN013FoVwK21a3Aicdd4i_!!579657000-0-alimamazszw.jpg,高端轻奢,2,5,5,2,5
O1CN01zHyPwb1NKP0HYZMZo_!!13901551-0-alimamazszw.jpg,简约商务,3,5,4,3,5
O1CN01QQEP2q1wHCnTiR4BI_!!528296282-0-alimamazszw.jpg,简约商务,2,5,5,2,5
O1CN01Oq2nqR1V1dfmLTKtM_!!2934312593-0-alimamazszw.jpg,喜庆感,3,5,4,3,4
O1CN01h1aieY2LhBdVvKmCK_!!2200610449723-0-alimamazszw.jpg,简约商务,3,5,5,2,5
O1CN01a58asF1UxyXGydPGn_!!2208642492585-0-alimamazszw.jpg,喜庆感,3,5,4,2,4
O1CN01c4jUHb1IOupfuDebl_!!389960884-0-alimamazszw.jpg,高端轻奢,2,5,5,1,5
O1CN01bcxMFh1gRFcZtenH2_!!18034138-0-alimamazszw.jpg,简约商务,3,5,5,2,5
O1CN01PrVeky2LYU7daYzjc_!!259939704-0-alimamazszw.jpg,简约商务,3,5,5,3,5
O1CN01kUdvl81wWmGSJmCya_!!648476316-0-alimamazszw.jpg,高端轻奢,2,5,5,2,5
O1CN01tzHiBf1C7cAatdeSl_!!2205819230034-0-alimamazszw.jpg,高端轻奢,3,5,5,2,5
O1CN015znTt51l2aNDHviQY_!!2208143504761-0-alimamazszw.jpg,高端轻奢,2,5,5,2,5
O1CN011TLu7K1GlErs6948c_!!3485550662-0-alimamacc.jpg,高端轻奢,3,5,4,3,5
O1CN01z7czSj1hM2jwB0hqj_!!237864262-0-alimamazszw.jpg,简约商务,3,5,5,2,5
O1CN01QsWtDU1KHhpWTUc10_!!1891251139-0-alimamazszw.jpg,高端轻奢,3,5,5,3,5
O1CN01asuKBd1jkR4Tsq5D6_!!2456584586-0-alimamazszw.jpg,高端轻奢,3,5,4,2,5
O1CN01S9BGv81HlWkYHzwtM_!!2032840798-0-alimamazszw.jpg,喜庆感,2,5,3,2,4
pexels-photo-5869613.jpeg,喜庆感,4,5,2,3,4
O1CN012YBuy31wUwgOKPxfc_!!2207534326312-0-alimamazszw.jpg,高端轻奢,2,5,5,2,5
O1CN01KEFtn71NtD6dLZX1S_!!2241881627-0-alimamazszw.jpg,简约商务,3,5,4,3,5
O1CN011bXUW01GjPIg8NA9H_!!2957350658-0-alimamazszw.jpg,高端轻奢,3,5,4,2,5
O1CN01AYHImf22NVvGW5tQ1_!!4057517108-0-alimamazszw.jpg,高端轻奢,3,5,4,2,5
O1CN01NMWWB91yE7LRLpieM_!!2207967876546-0-alimamazszw.jpg,高端轻奢,3,5,5,3,5
O1CN013abQXq1flZaEOc28q_!!1653734047-0-alimamazszw.jpg,简约商务,3,5,5,2,5
O1CN01wHRu9B1aV1BkqbEBU_!!3918463334-0-alimamazszw.jpg,简约商务,2,5,5,2,5
O1CN01bdHF8d1Q4Jw0ttcFb_!!2716021922-0-alimamazszw.jpg,科技感,3,5,3,3,5
O1CN01zOvbIP1wWmGd1NQDz_!!648476316-0-alimamazszw.jpg,简约商务,2,5,5,2,5
O1CN01kIc5xW21wwy757xj0_!!2995317050-0-alimamazszw.jpg,简约商务,3,5,5,3,5
O1CN01B6iueZ1FteZHhU6vN_!!1120240545-0-alimamazszw.jpg,简约商务,3,5,4,3,5
O1CN01Pqd82k1e5bgaPk2ld_!!654143820-0-alimamazszw.jpg,简约商务,4,5,5,3,5
O1CN01lnxtZR2HVxTl95dpS_!!2207453919157-0-alimamazszw.jpg,简约商务,3,5,5,2,5
O1CN01b1VpFA1iNhmqdxzA7_!!2209583734401-0-alimamazszw.jpg,简约商务,2,5,3,2,5
O1CN01wQseIe1P2esN4cjUs_!!2206542751783-0-alimamazszw.jpg,高端轻奢,2,5,4,2,5
O1CN01mcEMvi229JepSUCeU_!!1708417077-0-alimamazszw.jpg,简约商务,2,5,5,2,5
O1CN01luxyOb2Ad6M1mojL3_!!3682418225-0-alimamazszw.jpg,高端轻奢,3,5,3,2,5
O1CN01TfmMrC27gMJE5ig5O_!!2207471297826-0-alimamazszw.jpg,简约商务,3,5,5,3,5
pexels-photo-8728103.jpeg,科技感,2,5,2,2,5
O1CN01MhkGBY1QY5hCYwom3_!!2867731987-0-alimamazszw.jpg,喜庆感,4,5,3,3,4
O1CN01pINxVo1LYTvvG6hLK_!!2957921311-0-alimamazszw.jpg,高端轻奢,3,5,5,2,5
O1CN01xqDfTN1EUAvCqICXB_!!1103240354-0-alimamazszw.jpg,科技感,4,5,3,4,5
O1CN01g7ZolU2D12GhPpJGb_!!1573418548-0-alimamazszw.jpg,高端轻奢,2,5,5,2,5
pexels-photo-16781322.jpeg,复古国风,3,5,2,3,3
O1CN01Lujb5k1EXNgQ9RfpZ_!!1710310361-0-alimamazszw.jpg,简约商务,3,5,5,3,5
O1CN01U3WeLz1e643cvZTuP_!!3468523821-0-alimamazszw.jpg,喜庆感,4,5,2,3,4
O1CN01KTUiDY276dQnsVQBF_!!2208253917748-0-alimamazszw.jpg,高端轻奢,3,5,4,3,5
O1CN01N77flR1lud6rB7enX_!!2201483734879-0-alimamazszw.jpg,高端轻奢,3,5,4,3,5
O1CN01tKQOTV1QJtOZtt76I_!!820521956-0-alimamazszw.jpg,高端轻奢,3,5,4,3,5
O1CN017q0Q9z1nx2OAWxNjL_!!112005155-0-alimamazszw.jpg,简约商务,2,5,5,2,5
O1CN01yeS55e2COZ0HQ1X5k_!!2210144838464-0-alimamazszw.jpg,高端轻奢,2,5,4,2,5
O1CN01Xqdl4Z2MvDPGK4BO6_!!902929889-0-alimamazszw.jpg,简约商务,3,5,5,2,5
O1CN01Rh8b9o2N1cwZR6dOB_!!2210476939903-0-alimamazszw.jpg,科技感,3,5,3,2,5
O1CN0177r77U1yNjfeoKe6V_!!3844706567-0-alimamazszw.jpg,高端轻奢,2,5,5,2,5
O1CN01sPQhhi2E2hL1RFwwO_!!2200792388687-0-alimamazszw.jpg,科技感,3,5,3,3,5
pexels-photo-28958888.jpeg,高端轻奢,3,5,5,2,5
O1CN01LM22EL1N1AMB2q6Sg_!!2206877891509-0-alimamazszw.jpg,科技感,3,5,3,3,5
O1CN018XXwIZ1vctwYhhlDE_!!92686194-0-alimamazszw.jpg,科技感,3,5,2,3,5
O1CN01Di7sUi1RILgq9X8Rx_!!1818112088-0-alimamazszw.jpg,高端轻奢,3,5,4,3,5
O1CN01bDMSeZ1QQIwGvCuYB_!!2201228591970-0-alimamazszw.jpg,科技感,4,5,3,4,5
O1CN01ARHzuw1tax1lugHDS_!!2207518835919-0-alimamazszw.jpg,喜庆感,3,5,4,3,4
O1CN01kSbrXe2BunEkvusUT_!!2210154528399-0-alimamazszw.jpg,简约商务,4,5,4,3,5
O1CN01srzFdQ1E0rZa0yciW_!!2266450290-0-alimamazszw.jpg,喜庆感,3,5,4,3,4
O1CN01wDuP9k1qJ8lxmRncf_!!2655095474-0-alimamazszw.jpg,简约商务,3,5,5,2,5
O1CN014yv1ec1w82sVmPXvk_!!2206473836262-0-alimamazszw.jpg,喜庆感,3,5,3,3,4
O1CN01MvSVuj1lPwYncqXvO_!!4038544812-0-alimamazszw.jpg,高端轻奢,2,5,5,2,5
O1CN01sbDmc71Xg3tglWqPh_!!1108132952-0-alimamazszw.jpg,简约商务,4,5,5,3,5
pexels-photo-29506607.jpeg,科技感,1,5,4,1,5
O1CN0159hXj129RMaFVckDQ_!!2207918578064-0-alimamazszw.jpg,简约商务,3,5,5,2,5
O1CN01euw13s2DalB2L5CIE_!!2059698626-0-alimamazszw.jpg,简约商务,3,5,5,2,5
O1CN01O1N6PB1QKoCaxahJV_!!704691958-0-alimamazszw.jpg,高端轻奢,4,5,5,3,5
O1CN01nyeQFz1MMrVXGQ8I7_!!2811751421-0-alimamazszw.jpg,高端轻奢,2,5,5,2,5
O1CN01iHh4ND25prJ8tqlv5_!!1746177576-0-alimamazszw.jpg,简约商务,4,5,4,3,5
O1CN01nLjT1k1y1IFRg4Jf3_!!2655026518-0-alimamazszw.jpg,科技感,3,5,2,3,5
O1CN01iz8pIx1EhSNitttMj_!!111570383-0-alimamazszw.jpg,简约商务,3,5,5,3,5
O1CN01wCP0Os2EGtbNLHExQ_!!2428458718-0-alimamazszw.jpg,高端轻奢,4,5,4,3,5
O1CN01RFwL6G1ZQbkleCd2u_!!1755473189-0-alimamazszw.jpg,高端轻奢,3,5,4,3,5
O1CN017sFYn21vQXEKGbblr_!!2613416167-0-alimamazszw.jpg,高端轻奢,3,5,5,2,5
O1CN01MEnuEo1JtQpmgDL70_!!2207684361086-0-alimamazszw.jpg,科技感,3,5,3,3,5
O1CN01Uw1B0P1SLNvlF17rj_!!490672230-0-alimamazszw.jpg,喜庆感,4,5,4,3,4
O1CN0142kJze1vQXFj2chZR_!!2613416167-0-alimamazszw.jpg,高端轻奢,4,5,5,3,5
O1CN018247WF1K3VYEbHDm7_!!2206849991108-0-alimamazszw.jpg,喜庆感,3,5,3,3,4
O1CN015fcnLl1c2HYsHD7rx_!!1750113542-0-alimamazszw.jpg,高端轻奢,3,5,5,3,5
O1CN01aLlMAT1ubhH21cTDQ_!!2206573426056-0-alimamazszw.jpg,简约商务,3,5,5,3,5
O1CN01mcHAk41iNFOuApMv3_!!2200676434400-0-alimamazszw.jpg,高端轻奢,3,5,5,3,5
O1CN01tAkKUr1zEPCag4Skw_!!917126682-0-alimamazszw.jpg,简约商务,3,5,5,3,5
O1CN01wlAqz11ik9BlM9H24_!!2078094450-0-alimamazszw.jpg,简约商务,4,5,5,3,5
O1CN01YpgOe31PlXgvl9Gmh_!!679441881-0-alimamazszw.jpg,简约商务,5,5,5,4,5
pexels-photo-8386359.jpeg,科技感,2,5,3,2,5
O1CN01Nri5Kp2DY0mG4aEME_!!3913958620-0-alimamazszw.jpg,高端轻奢,4,5,5,3,5
O1CN01gVyOMD1W638k9xs8b_!!881682738-0-alimamazszw.jpg,简约商务,3,5,5,2,5
O1CN01JvSqw01TTSVxW5YQj_!!2211364142383-0-alimamacc.jpg,喜庆感,2,5,3,2,4
O1CN01YbsyQk1amsdjXk25Y_!!2514673373-0-alimamazszw.jpg,简约商务,3,5,4,2,5
O1CN01dfXca31YnDgny85WD_!!2200639983103-0-alimamazszw.jpg,喜庆感,3,5,4,3,4
O1CN01kglLbD2BUgh2UFP55_!!2210379248342-0-alimamazszw.jpg,简约商务,3,5,5,2,5
O1CN018yNfs51YnDhlcy7dd_!!2746493103-0-alimamazszw.jpg,喜庆感,4,5,2,3,4
O1CN01DMLCpI27gMHtTkVKL_!!2200528487826-0-alimamazszw.jpg,科技感,3,5,3,3,5
O1CN01gcYHMU2LetdwCU6tm_!!2208016479718-0-alimamazszw.jpg,科技感,3,5,2,3,5
O1CN01b4DgrN1sOISZMcDaI_!!3397585756-0-alimamazszw.jpg,科技感,3,5,3,3,5
O1CN01UvMvst2BBuS1xuDF0_!!4221638301-0-alimamacc.jpg,喜庆感,3,5,4,3,4
O1CN01W9pxYe1uFFqD0zJhk_!!2201298436007-0-alimamazszw.jpg,高端轻奢,4,5,4,3,5
O1CN01Dyb7Ib1GnzGBau8kR_!!2207820668-0-alimamazszw.jpg,高端轻奢,3,5,5,3,5
O1CN014K3IsA2DDrLEFDe68_!!1617958576-0-alimamazszw.jpg,时尚感,3,5,2,3,4
O1CN01FoboF51PeDN6FO07z_!!2206599271865-0-alimamazszw.jpg,简约商务,3,5,3,3,5
O1CN013SBkIO1j7xnGGQxgz_!!2103694502-0-alimamacc.jpg,高端轻奢,3,5,5,2,5
pexels-photo-37060528.jpeg,高端轻奢,2,5,3,2,5
O1CN01Sm6arE1lgQof8QoSl_!!1030084848-0-alimamazszw.jpg,简约商务,4,5,4,3,5
O1CN01iQ6vSd2NUTsoCBRUH_!!3246959966-0-alimamazszw.jpg,喜庆感,3,5,5,3,4
O1CN01oGSALd2AhgHkYqjwN_!!1954228235-0-alimamazszw.jpg,科技感,3,5,2,2,5
O1CN01uezl602IyBU5PRWhB_!!2210418309354-0-alimamazszw.jpg,高端轻奢,4,5,5,4,5
O1CN01lJjrKd28G5C6ShFH5_!!1840847904-0-alimamazszw.jpg,喜庆感,3,5,2,3,4
O1CN011mBWAZ1Cl0Dbz5JoE_!!2203036670120-0-alimamazszw.jpg,简约商务,3,5,5,2,5
O1CN01HRu0HQ1c7JvZnGlb5_!!2466393553-0-alimamazszw.jpg,高端轻奢,3,5,5,2,5
O1CN01F3YtRc1zTygz9Ldxf_!!23696716-0-alimamazszw.jpg,简约商务,3,5,4,3,5
O1CN01AxjmWi1FMDeORsCGX_!!1856110472-0-alimamazszw.jpg,简约商务,3,5,5,2,5
O1CN01H8b9ti1jPpDR9ZxpR_!!1715164541-0-alimamazszw.jpg,科技感,4,5,2,3,5
O1CN01fKey332FfSTHZPxBx_!!2670918907-0-alimamazszw.jpg,简约商务,2,5,5,2,5
O1CN01cCHHVK1RkHq0mVl4C_!!2191322149-0-alimamazszw.jpg,科技感,4,5,2,3,5
O1CN01HFTPRu1ysQCxDlD30_!!731926634-0-alimamazszw.jpg,喜庆感,3,5,3,3,4
O1CN010gwVqS1FteZLg4ZkG_!!1120240545-0-alimamazszw.jpg,高端轻奢,2,5,5,2,5
O1CN01HrBFRy1hEiOikfDpm_!!2204175164246-0-alimamazszw.jpg,高端轻奢,3,5,4,2,5
O1CN012zBins2MAUzCFW5zG_!!2211540879787-0-alimamazszw.jpg,简约商务,2,5,5,2,5
O1CN01eO2c1v1ngYAZWFwc2_!!2911805119-0-alimamazszw.jpg,简约商务,3,5,5,2,5
O1CN01k4a0Ab1idHF8nqfDW_!!1124064435-0-alimamazszw.jpg,简约商务,2,5,5,2,5
O1CN01xLE64Z1s53oiUDJq5_!!2208982465714-0-alimamazszw.jpg,简约商务,3,5,5,3,5
O1CN010qydkB1HRphqIOR1b_!!2605950755-0-alimamacc.jpg,简约商务,3,5,5,2,5
O1CN01W2GK7q1ydJ8ToXs2y_!!3944956601-0-alimamazszw.jpg,时尚感,3,5,2,3,4
O1CN01J0JS5g1ydJ8MOS9Ae_!!3944956601-0-alimamazszw.jpg,科技感,4,5,2,4,5
O1CN01NFAWxi2Au2zJWEzGW_!!2340738262-0-alimamazszw.jpg,喜庆感,3,5,2,3,4
O1CN01RF8F561To4M1YrC7m_!!2200828292428-0-alimamazszw.jpg,高端轻奢,2,5,5,2,5
O1CN01o2hMDZ1pVDa5msjdZ_!!866285365-0-alimamazszw.jpg,高端轻奢,2,5,5,2,5
O1CN01PdMvG022I1B60qp3h_!!759037096-0-alimamazszw.jpg,高端轻奢,2,5,5,2,5
O1CN01rJCXAl25CvdBo2y9q_!!2206464607491-0-alimamazszw.jpg,简约商务,2,5,5,2,5
O1CN01mG2BYX1zKML0rRKX9_!!2665416695-0-alimamazszw.jpg,简约商务,4,5,4,3,5
O1CN01SRCBao1NDzRKbQS4G_!!232221537-0-alimamazszw.jpg,简约商务,4,5,5,3,5
O1CN01dXpp5z1t9vcqkXcR1_!!2702365860-0-alimamazszw.jpg,简约商务,3,5,5,3,5
O1CN01KC7ySa1kCND73N2jZ_!!2200735034647-0-alimamazszw.jpg,喜庆感,3,5,3,3,4
O1CN01gCmYWy2M97oMUumNK_!!919129784-0-alimamazszw.jpg,简约商务,3,5,5,3,5
O1CN01U0Vaq727OUryOuWaT_!!2208065117787-0-alimamazszw.jpg,简约商务,3,5,3,2,5
O1CN01jd6uwj2DXYP5TszLy_!!1916808619-0-alimamazszw.jpg,简约商务,3,5,5,2,5
O1CN01iQYFeK1w6DHz2xpip_!!2273836258-0-alimamazszw.jpg,喜庆感,3,5,3,2,4
O1CN01KJmVqC1L6XnABU2DY_!!2212113641250-0-alimamazszw.jpg,科技感,3,5,2,2,5
O1CN01L2jhfy2KJzzqMDFj1_!!2200630369537-0-alimamazszw.jpg,高端轻奢,3,5,4,3,5
O1CN01IrsVOj1NoAklNqf6l_!!4079151616-0-alimamazszw.jpg,简约商务,3,5,5,3,5
O1CN01TkWseT1wJ2LEcefQy_!!2207244786286-0-alimamazszw.jpg,简约商务,3,5,5,2,5
O1CN01yWktjg21zExRRRLOf_!!2319077055-0-alimamazszw.jpg,喜庆感,3,5,3,3,4
O1CN01OX5glH2JOkU2VdU8l_!!2360209412-0-alimamazszw.jpg,简约商务,4,5,5,3,5
O1CN01jdWyc61JG2lkXmoyR_!!2211463101000-0-alimamazszw.jpg,高端轻奢,4,5,4,3,5
O1CN01Z4pYAE1y1kev3y4KB_!!2200724926519-0-alimamazszw.jpg,高端轻奢,3,5,4,2,5
O1CN01YS3w9g2HSkiQbeK6Y_!!2212570599150-0-alimamazszw.jpg,高端轻奢,3,5,5,3,5
O1CN01poGs722ISa9SkdKyn_!!2261059285-0-alimamazszw.jpg,高端轻奢,4,5,5,4,5
O1CN01izWvLw1KRmXYXn6l4_!!2206806531161-0-alimamazszw.jpg,时尚感,3,5,2,3,4
O1CN0138Pqyu1qaXo4jVJfr_!!1060575512-0-alimamazszw.jpg,简约商务,3,5,5,3,5
O1CN0149LbLA1XlYdDHG1aZ_!!2211608262964-0-alimamazszw.jpg,简约商务,3,5,5,3,5
pexels-photo-7108077.jpeg,科技感,3,5,3,3,5
O1CN01oVoACp2DGbkdV5Uh4_!!2978398582-0-alimamazszw.jpg,喜庆感,4,5,2,3,4
O1CN01cX4D1A2LIuetll4EB_!!2659909670-0-alimamazszw.jpg,简约商务,3,5,5,2,5
O1CN01EqInLX1QWiVb3qBUN_!!4072071984-0-alimamazszw.jpg,高端轻奢,3,5,4,2,5
O1CN01pVv8Rn1z3PiSQMsmH_!!1999586658-0-alimamazszw.jpg,高端轻奢,2,5,5,2,5
O1CN01aIEw9r23r77hDwQXv_!!100737308-0-alimamazszw.jpg,简约商务,2,5,5,2,5
O1CN01b7VRvT1OxcWRnlYT2_!!2211610791772-0-alimamazszw.jpg,高端轻奢,3,5,5,2,5
O1CN01ebZvFd2DG9LlnxHNy_!!2207252248581-0-alimamazszw.jpg,简约商务,4,5,5,3,5
